netspend,Central_o,Central_s,Central_tv,Central_v,Heartland_o,Heartland_s,Heartland_tv,Heartland_v,Heartland_y,Scotland_o,Scotland_s,Scotland_tv,Scotland_v,South_o,South_s,South_tv,South_v,South_y
0,0,0,0,0,0,0,0,0,0,0,0,0,0,0,0,0,0,0
1000,1079.0527,2394.427898,1660.048139,4593.338613,2752.807241,5626.61985,4174.435089,11372.57596,4228.02769,722.0254091,1306.311256,999.088103,1999.67483,465.6061798,1007.2541,645.9083972,1548.395928,803.3944188
2000,2031.774942,3776.440464,3259.063658,8416.419425,5247.86966,8933.509955,8180.609502,21218.14162,7477.060816,1387.682303,2191.738002,1982.920698,3477.869739,914.0354204,1889.59315,1280.44732,2956.643513,1556.723556
3000,2876.507991,4713.697845,4799.782737,11620.88211,7516.345144,11211.06903,12027.11828,29786.70767,10089.64231,2003.296771,2832.263742,2951.851154,4611.704285,1345.921406,2662.508544,1903.816899,4237.427856,2263.107339
4000,3628.677207,5422.100558,6284.809206,14326.57946,9585.168089,12914.92359,15722.07277,37283.90063,12263.8048,2574.214138,3304.689215,3906.221573,5502.389505,1761.874443,3339.570504,2516.213738,5402.285904,2925.471271
5000,4301.27028,5990.937696,7716.621108,16628.38316,11477.64535,14243.16328,19273.12876,43879.06252,14118.66734,3104.983439,3656.862831,4846.363211,6213.456941,2162.482322,3932.666335,3117.830984,6461.710372,3546.558545
6000,4905.236247,6462.113091,9097.576928,18601.52259,13213.96705,15301.01614,22687.51289,49711.85947,15729.24208,3599.504296,3921.752821,5772.596881,6788.039062,2548.311152,4452.209131,3708.858381,7425.244261,4128.941406
7000,5449.818464,6858.602969,10429.92151,20305.77341,14811.64436,16153.62551,25972.04757,54897.67445,17145.16633,4061.144063,4122.77475,6685.23334,7257.11296,2919.906153,4907.320605,4289.482337,8301.566813,4675.031805
8000,5942.832498,7195.034125,11715.7917,21788.7444,16285.88491,16845.66398,29133.17445,59532.00853,18400.96866,4492.831467,4276.762367,7584.573662,7643.744293,3277.792434,5305.991234,4859.885975,9098.571698,5187.091385
9000,6390.898082,7481.837159,12957.22166,23088.45728,17649.91458,17409.83332,32176.97641,63694.07363,19521.82443,4897.131642,4395.895636,8470.909598,7965.484321,3622.475731,5655.220554,5420.249197,9823.438113,5667.240852
10000,6799.63277,7727.014804,14156.14796,24235.37218,18915.25346,17871.08294,35109.19843,67449.72591,20526.87163,5276.306417,4489.02716,9344.523917,8235.857875,3954.443123,5961.14005,5970.748737,10482.69545,6117.468754
11000,7173.813639,7936.979879,15314.41442,25253.97825,20091.9526,18248.95126,37935.26707,70853.86136,21431.18218,5632.362919,4562.617321,10205.69073,8465.364263,4274.163719,6229.120808,6511.558218,11082.28212,6539.639719
12000,7517.512349,8117.003671,16433.77667,26164.04342,21188.79699,18558.99198,40660.3089,73952.3728,22246.97503,5967.092901,4621.400807,11054.67583,8662.191001,4582.089324,6463.867818,7042.848208,11627.59902,6935.502176
13000,7834.207971,8271.485731,17515.90651,26981.59667,22213.47981,18813.71383,43289.16785,76783.74909,22984.38994,6282.104681,4668.864132,11891.73697,8832.742373,4878.655071,6669.502576,7564.786271,12123.55823,7306.695598
14000,8126.881277,8404.132957,18562.39605,27719.70046,23172.75195,19023.2405,45826.42152,79380.38239,23651.99918,6578.849214,4707.588705,12717.12417,8982.039787,5164.280045,6849.635452,8077.537024,12574.6272,7654.757289
15000,8398.093564,8518.087666,19574.76165,28389.05864,24072.55032,19195.79772,48276.39651,81769.63736,24257.15766,6858.641471,4739.497749,13531.07998,9114.028964,5439.367868,7007.429072,8581.262184,12984.86904,7981.128754
16000,8650.052564,8616.024243,20554.44764,28998.49512,24918.1081,19338.08552,50643.18294,83974.72598,24806.2503,7122.678074,4766.034299,14333.83979,9231.81735,5704.307271,7145.653848,9076.120621,13357.97908,8287.161667
17000,8884.667593,8700.224924,21502.82987,29555.33115,25714.0494,19455.56981,52930.648,86015.42372,25304.87202,7372.051925,4788.289721,15125.63206,9337.858307,5959.472646,7266.736619,9562.268412,13697.31821,8574.12347
18000,9103.595709,8772.640839,22421.21912,30065.68299,26464.47054,19552.7144,55142.44881,87908.65637,25757.96204,7607.764418,4807.096686,15906.67856,9434.094355,6205.224571,7372.803259,10039.85888,14005.94308,8843.202619
19000,9308.280363,8834.942118,23310.86423,30534.69707,27173.01006,19633.16737,57282.0445,89668.98103,26169.90679,7830.735705,4823.096561,16677.19464,9522.068688,6441.910325,7465.715998,10509.04266,14286.63372,9095.513513
20000,9499.983797,8888.559597,24172.95522,30966.73597,27842.90877,19699.91191,59352.70753,91308.98091,26544.62021,8041.813385,4836.788394,17437.38945,9603.012057,6669.864371,7547.106125,10969.96773,14541.9185,9332.101101
21000,9679.814204,8934.719837,25008.62614,31365.52581,28477.06153,19755.38862,61357.53443,92839.58951,26885.6079,8241.77991,4848.564623,18187.46613,9677.910508,6889.408836,7618.40262,11422.77945,14774.09695,9553.945215
22000,9848.748521,8974.474742,25818.95783,31734.27322,29078.06175,19801.59512,63299.45583,94270.3572,27196.01918,8431.358945,4858.737206,18927.62208,9747.558196,7100.853963,7680.857249,11867.62065,14985.26048,9761.964628
23000,10007.65158,9008.726709,26604.98055,32075.75851,29648.23976,19840.16718,65181.24602,95609.6708,27478.6901,8611.220871,4867.556826,19658.04913,9812.598595,7304.498549,7735.566541,12304.63161,15177.31118,9957.020856
24000,10157.29221,9038.25006,27367.67642,32392.4098,30189.6959,19872.4449,67005.53178,96864.93448,27736.17949,8781.987574,4875.227066,20378.93372,9873.556649,7500.630368,7783.491037,12733.95018,15351.979,10139.92173
25000,10298.35676,9063.70934,28107.98181,32686.36252,30704.32896,19899.5267,68774.8009,98042.71925,27970.79955,8944.236651,4881.914952,21090.45714,9930.863876,7689.526578,7825.472155,13155.71176,15510.83729,10311.42473
26000,10431.46056,9085.674969,28826.78959,32959.50706,31193.86088,19922.31344,70491.41001,99148.88666,28184.64221,9098.505121,4887.758824,21792.79566,9984.877976,7871.454112,7862.246968,13570.04936,15655.31701,10472.24015
27000,10557.15752,9104.636638,29524.95122,33213.5272,31659.85795,19941.54437,72157.59209,100188.6912,28379.60185,9245.292719,4892.874282,22486.12074,10035.89815,8046.670054,7894.461136,13977.09366,15786.71959,10623.03401
28000,10675.94828,9121.014785,30203.27882,33449.93117,32103.74923,19957.82659,73775.46347,101166.8658,28557.39539,9385.064848,4897.35869,23170.5992,10084.1771,8215.422007,7922.68025,14376.97305,15906.22866,10764.43081
29000,10788.28711,9135.170434,30862.54706,33670.07698,32526.84247,19971.65902,75347.03048,102087.6924,28719.57979,9518.255223,4901.294641,23846.39332,10129.93038,8377.948437,7947.399759,14769.81364,16014.92074,10897.01617
30000,10894.58776,9147.413624,31503.49501,33875.19309,32930.33788,19983.45206,76874.19562,102955.0615,28867.56768,9645.26826,4904.752636,24513.6611,10173.34375,8534.479013,7969.053667,15155.73933,16113.77488,11021.33917
31000,10995.22841,9158.010647,32126.82785,34066.39534,33315.34013,19993.54362,78358.76346,103772.522,29002.64129,9766.481248,4907.793178,25172.55632,10214.57898,8685.234932,7988.022156,15534.87185,16203.68154,11137.91472
32000,11090.55593,9167.190249,32733.21855,34244.70108,33682.86874,20002.21221,79802.4462,104543.3225,29125.9648,9882.24632,4910.468438,25823.22871,10253.77832,8830.429229,8004.63826,15907.33075,16285.45057,11247.22561
33000,11180.88946,9175.148951,33323.30941,34411.04087,34033.86712,20009.68767,81206.86879,105270.4472,29238.59557,9992.892254,4912.823573,26465.82411,10291.0681,8970.267082,8019.193711,16273.23353,16359.81853,11349.72455
34000,11266.52351,9182.055613,33897.71358,34566.26825,34369.21047,20016.15993,82573.57393,105956.6456,29341.4941,10098.72613,4914.897806,27100.48459,10326.56154,9104.946098,8031.944061,16632.69557,16427.45529,11445.83604
35000,11347.73065,9188.055354,34457.01645,34711.16811,34689.71268,20021.78617,83904.02658,106604.4575,29435.53311,10200.03484,4916.7253,27727.34857,10360.36094,9234.656595,8043.113172,16985.83025,16488.97012,11535.95814
36000,11424.76375,9193.272912,35001.77703,34846.46373,34996.13233,20026.69669,85199.61842,107216.2356,29521.50566,10297.08651,4918.335876,28346.55092,10392.55948,9359.581869,8052.89714,17332.74896,16544.91713,11620.46408
37000,11497.85798,9197.815526,35532.52919,34972.82282,35289.17796,20030.99966,86461.67186,107794.1636,29600.13255,10390.13175,4919.755621,28958.22316,10423.24261,9479.898455,8061.467745,17673.56109,16595.80026,11699.70384
38000,11567.23252,9201.77541,36049.78288,35090.8628,35569.51276,20034.78512,87691.44395,108340.2723,29672.06896,10479.40488,4921.00739,29562.49347,10452.48916,9595.776373,8068.975463,18008.37415,16642.07786,11774.00561
39000,11633.09204,9205.231881,36554.02533,35201.15532,35837.75857,20038.12814,88890.12998,108856.4541,29737.91054,10565.12503,4922.111229,30159.48688,10480.37225,9707.379375,8075.552108,18337.29372,16684.16678,11843.6771
40000,11695.62802,9208.253176,37045.72211,35304.23029,36094.49956,20041.09145,90058.86693,109344.475,29798.19884,10647.49716,4923.084747,30749.32532,10506.96001,9814.865167,8081.313148,18660.42356,16722.44616,11909.00686
41000,11755.01988,9210.898016,37525.31817,35400.57942,36340.28535,20043.72762,91198.73671,109805.9852,29853.42628,10726.71301,4923.943418,31332.12777,10532.31619,9918.385641,8086.359729,18977.86556,16757.26079,11970.26545
42000,11811.43597,9213.216953,37993.23885,35490.65932,36575.63389,20046.08084,92310.76914,110242.5286,29904.04069,10802.95199,4924.700855,31908.01032,10556.5006,10018.08708,8090.780457,19289.71986,16788.92428,12027.70658
43000,11865.03448,9215.253517,38449.89083,35574.89432,36801.03391,20048.18833,93395.9449,110655.5514,29950.44933,10876.38199,4925.36904,32477.08627,10579.56957,10114.11038,8094.652946,19596.0848,16817.72185,12081.56814
44000,11915.96424,9217.045206,38895.66301,35653.67901,37016.94719,20050.08155,94455.19816,111046.4095,29993.02266,10947.16018,4925.958522,33039.46625,10601.57623,10206.59123,8098.045187,19897.05702,16843.91289,12132.0732
45000,11964.36538,9218.624336,39330.92734,35727.38048,37223.81058,20051.7872,95489.41915,111416.3749,30032.09767,11015.43365,4926.478595,33595.25825,10622.57082,10295.66032,8101.016738,20192.73143,16867.73333,12179.43093
46000,12010.36999,9220.018769,39756.03971,35796.3404,37422.03777,20053.32799,96499.45656,111766.6421,30067.98094,11081.34017,4926.937449,34144.56777,10642.6009,10381.44351,8103.619771,20483.20129,16889.39774,12223.83745
47000,12054.1027,9221.252538,40171.34062,35860.87691,37612.02088,20054.72332,97486.11981,112098.3334,30100.95144,11145.00873,4927.342301,34687.49785,10661.7116,10464.06202,8105.899987,20768.55821,16909.10125,12265.47669
48000,12095.68116,9222.346381,40577.15599,35921.28629,37794.13197,20055.98983,98450.18116,112412.504,30131.263,11206.56014,4927.699517,35224.14916,10679.94572,10543.63261,8107.897421,21048.8922,16927.02137,12304.52108
49000,12135.2165,9223.318209,40973.7978,35977.8446,37968.72434,20057.14184,99392.3777,112710.1461,30159.14665,11266.1076,4928.014707,35754.62011,10697.34396,10620.26771,8109.647143,21324.29166,16943.3195,12341.13234
50000,12172.81378,9224.183496,41361.56481,36030.80903,38136.13368,20058.19172,100313.4133,112992.1934,30184.81266,11323.75714,4928.29282,36279.00686,10713.94502,10694.07563,8111.179872,21594.84346,16958.14245,12375.46209
51000,12208.57237,9224.95562,41740.74313,36080.41934,38296.67925,20059.1502,101213.9604,113259.5249,30208.45246,11379.60816,4928.538221,36797.40344,10729.78572,10765.16066,8112.522519,21860.63292,16971.62375,12407.6525
52000,12242.58629,9225.646158,42111.60685,36126.89897,38450.6648,20060.02664,102094.6615,113512.968,30230.24034,11433.7538,4928.75476,37309.90178,10744.90112,10833.62324,8113.698657,22121.74388,16983.88483,12437.8369
53000,12274.94452,9226.265133,42474.41861,36170.45626,38598.37949,20060.82922,102956.1311,113753.3021,30250.33499,11486.28139,4928.945832,37816.5918,10759.3246,10899.56014,8114.728936,22378.25868,16995.03614,12466.14029
54000,12305.73134,9226.821232,42829.43012,36211.28547,38740.09877,20061.56511,103798.9568,113981.2616,30268.88095,11537.27281,4929.114435,38317.56149,10773.08798,10963.06452,8115.631445,22630.25824,17005.17812,12492.67989
55000,12335.02657,9227.321989,43176.88272,36249.56772,38876.08513,20062.24065,104623.7011,114197.5383,30286.00988,11586.80487,4929.263211,38812.89689,10786.22157,11024.22613,8116.422028,22877.82202,17014.40213,12517.56562
56000,12362.90583,9227.773947,43517.00779,36285.47194,39006.58879,20062.86144,105430.9024,114402.7842,30301.84171,11634.94962,4929.394492,39302.68226,10798.75428,11083.13139,8117.114567,23121.02811,17022.79125,12540.90054
57000,12389.44081,9228.182791,43850.0273,36319.15567,39131.84839,20063.43245,106221.0764,114597.6139,30316.48575,11681.77466,4929.510337,39787.00002,10810.71366,11139.86354,8117.72122,23359.95321,17030.42106,12562.7813
58000,12414.69946,9228.55347,44176.1542,36350.76584,39252.09158,20063.95812,106994.7173,114782.6069,30330.0416,11727.34343,4929.61256,40265.9309,10822.126,11194.50275,8118.252639,23594.67268,17037.36028,12583.29851
59000,12438.74618,9228.890294,44495.59285,36380.43953,39367.53563,20064.44241,107752.2989,114958.3095,30342.60006,11771.71549,4929.702763,40739.55393,10833.01635,11247.12624,8118.718154,23825.26055,17043.67142,12602.53714
60000,12461.64208,9229.197023,44808.53942,36408.30458,39478.38792,20064.88888,108494.2755,115125.2368,30354.24392,11814.94678,4929.782361,41207.94652,10843.40863,11297.80837,8119.125938,24051.78954,17049.41133,12620.57687
61000,12483.44509,9229.476941,45115.18228,36434.48025,39584.84644,20065.30072,109221.0834,115283.8747,30365.04868,11857.08984,4929.852599,41671.18449,10853.32563,11346.62075,8119.48315,24274.3311,17054.6317,12637.49242
62000,12504.21016,9229.732922,45415.70237,36459.0778,39687.10029,20065.68083,109933.141,115434.6813,30375.08321,11898.19401,4929.914579,42129.34212,10862.78912,11393.63237,8119.796063,24492.95542,17059.37957,12653.35384
63000,12523.98945,9229.967481,45710.2735,36482.20104,39785.33008,20066.03181,110630.8505,115578.0888,30384.41036,11938.3057,4929.969272,42582.49222,10871.81984,11438.90965,8120.070169,24707.73144,17063.6977,12668.22683
64000,12542.83241,9230.182829,45999.06272,36503.9468,39879.70838,20066.35603,111314.5983,115714.5049,30393.08746,11977.4685,4930.017534,43030.70613,10880.4376,11482.51659,8120.310283,24918.72691,17067.62499,12682.17296
65000,12560.78598,9230.380906,46282.23063,36524.40544,39970.40006,20066.65564,111984.7557,115844.3141,30401.16688,12015.72345,4930.060121,43474.05378,10888.66129,11524.5148,8120.520618,25126.00838,17071.19681,12695.25002
66000,12577.89471,9230.563421,46559.93163,36543.66125,40057.56269,20066.9326,112641.6802,115967.8792,30408.69642,12053.1091,4930.097702,43912.60375,10896.50894,11564.96362,8120.704868,25329.64122,17074.44534,12707.51215
67000,12594.20086,9230.731884,46832.31426,36561.79288,40141.34687,20067.18869,113285.7154,116085.5425,30415.71976,12089.66179,4930.130863,44346.42327,10903.99775,11603.92023,8120.866269,25529.68965,17077.39984,12719.01014
68000,12609.74454,9230.887627,47099.52143,36578.87374,40221.89656,20067.42556,113917.1923,116197.6269,30422.2768,12125.41568,4930.160126,44775.57829,10911.14413,11641.43967,8121.007653,25726.21676,17080.08692,12729.7916
69000,12624.56385,9231.031831,47361.69071,36594.97229,40299.34938,20067.64468,114536.4299,116304.4371,30428.40402,12160.40298,4930.185949,45200.13349,10917.96374,11677.57496,8121.131504,25919.28455,17082.53078,12739.9012
70000,12638.69491,9231.165545,47618.95452,36610.15246,40373.83691,20067.84744,115143.7352,116406.2606,30434.13475,12194.654,4930.208735,45620.15235,10924.47153,11712.37716,8121.239995,26108.9539,17084.75345,12749.38079
71000,12652.17204,9231.289699,47871.4404,36624.47386,40445.48498,20068.03509,115739.4046,116503.3687,30439.49952,12228.19735,4930.228842,46035.69714,10930.68175,11745.89545,8121.335032,26295.28463,17086.77494,12758.26964
72000,12665.0278,9231.405126,48119.27123,36637.99215,40514.41389,20068.20878,116323.7236,116596.0174,30444.52624,12261.05997,4930.246586,46446.82898,10936.60802,11778.1772,8121.418283,26478.33552,17088.61346,12766.60457
73000,12677.2931,9231.512566,48362.56541,36650.75926,40580.7387,20068.36957,116896.9679,116684.4482,30449.24046,12293.26729,4930.262243,46853.60786,10942.26331,11809.26803,8121.491209,26658.16428,17090.28558,12774.42008
74000,12688.9973,9231.612686,48601.43709,36662.82366,40644.56946,20068.51843,117459.4038,116768.8893,30453.66558,12324.84332,4930.276059,47256.09268,10947.66003,11839.21186,8121.555091,26834.82765,17091.80634,12781.74855
75000,12700.16825,9231.70608,48835.99635,36674.23058,40706.01141,20068.65628,118011.2882,116849.5557,30457.82304,12355.81071,4930.288251,47654.34126,10952.80999,11868.05102,8121.611051,27008.38134,17093.18946,12788.62034
76000,12710.83242,9231.793287,49066.34937,36685.02225,40765.16522,20068.78393,118552.8696,116926.6506,30461.73251,12386.19088,4930.299009,48048.41039,10957.72447,11895.82626,8121.660071,27178.88008,17094.44739,12795.06389
77000,12721.01492,9231.874789,49292.59859,36695.23806,40822.12718,20068.90214,119084.388,117000.3655,30465.412,12416.00405,4930.308503,48438.35584,10962.41425,11922.57683,8121.703012,27346.37765,17095.59147,12801.1059
78000,12730.73959,9231.951023,49514.84293,36704.9148,40876.98943,20069.01164,119606.0758,117070.8815,30468.87806,12445.26937,4930.31688,48824.23242,10966.8896,11948.34053,8121.740627,27510.92688,17096.63199,12806.77139
79000,12740.02907,9232.022385,49733.17788,36714.08679,40929.84008,20069.11305,120118.1577,117138.3693,30472.14586,12474.00494,4930.324272,49206.09393,10971.16032,11973.15377,8121.773578,27672.57966,17097.57833,12812.08382
80000,12748.90486,9232.089234,49947.69567,36722.7861,40980.76343,20069.20699,120620.8511,117202.99,30475.22936,12502.22791,4930.330796,49583.99327,10975.23576,11997.0516,8121.802442,27831.38698,17098.43901,12817.06519
81000,12757.38738,9232.151898,50158.48544,36731.04263,41029.84015,20069.29401,121114.3667,117264.8959,30478.14136,12529.9545,4930.336552,49957.98242,10979.12487,12020.06781,8121.827726,27987.39893,17099.2218,12821.73614
82000,12765.49601,9232.210674,50365.63331,36738.88431,41077.14741,20069.37463,121598.9087,117324.2305,30480.89366,12557.20011,4930.341631,50328.11246,10982.83616,12042.23491,8121.849875,28140.66471,17099.93373,12826.11601
83000,12773.24914,9232.265834,50569.2226,36746.33722,41122.75903,20069.44931,122074.6748,117381.1295,30483.4971,12583.97933,4930.346114,50694.4336,10986.37775,12063.58424,8121.869277,28291.23266,17100.58122,12830.22294
84000,12780.66427,9232.317628,50769.33384,36753.42571,41166.74566,20069.51851,122541.8568,117435.7209,30485.96166,12610.30602,4930.350069,51056.99521,10989.75741,12084.14595,8121.886273,28439.15026,17101.17011,12834.07394
85000,12787.75797,9232.366283,50966.04499,36760.17251,41209.17491,20069.58261,123000.6407,117488.1256,30488.29654,12636.19333,4930.353559,51415.84584,10992.98254,12103.94911,8121.901162,28584.46418,17101.7057,12837.68495
86000,12794.54602,9232.412011,51159.43147,36766.59884,41250.11145,20069.642,123451.207,117538.4576,30490.51022,12661.65375,4930.356639,51771.0332,10996.06021,12123.0217,8121.914203,28727.22023,17102.19281,12841.07094
87000,12801.04338,9232.455004,51349.56634,36772.72452,41289.61718,20069.69703,123893.7311,117586.8248,30492.61053,12686.69916,4930.359357,52122.60426,10998.99716,12141.39068,8121.925628,28867.46345,17102.63583,12844.24592
88000,12807.26426,9232.49544,51536.52032,36778.56808,41327.75131,20069.74802,124328.383,117633.3289,30494.60468,12711.34088,4930.361755,52470.60517,11001.79983,12159.08199,8121.935635,29005.23807,17103.03875,12847.22304
89000,12813.22216,9232.533485,51720.36195,36784.14678,41364.57054,20069.79527,124755.3282,117678.0659,30496.49934,12735.58967,4930.363872,52815.08137,11004.47435,12176.12065,8121.944402,29140.58754,17103.4052,12850.01464
90000,12818.9299,9232.569291,51901.15764,36789.4768,41400.1291,20069.83904,125174.7273,117721.1267,30498.3007,12759.45578,4930.365739,53156.07755,11007.02658,12192.53072,8121.952081,29273.55455,17103.73848,12852.63227
91000,12824.39964,9232.602999,52078.97179,36794.5732,41434.47889,20069.8796,125586.7365,117762.5969,30500.01444,12782.94899,4930.367387,53493.63766,11009.46212,12208.33539,8121.958808,29404.18103,17104.0416,12855.08678
92000,12829.64295,9232.63474,52253.86683,36799.45007,41467.66959,20069.91719,125991.5077,117802.5575,30501.64587,12806.07863,4930.368841,53827.80499,11011.78629,12223.55701,8121.964701,29532.50818,17104.31728,12857.38833
93000,12834.67081,9232.664636,52425.90336,36804.12059,41499.74874,20069.95202,126389.1887,117841.0848,30503.19986,12828.85362,4930.370124,54158.62212,11014.0042,12238.21708,8121.969863,29658.57648,17104.56801,12859.54646
94000,12839.49365,9232.6928,52595.14015,36808.59706,41530.76184,20069.98429,126779.9234,117878.2512,30504.68098,12851.28246,4930.371257,54486.13096,11016.1207,12252.33632,8121.974385,29782.42569,17104.79605,12861.57009
95000,12844.12137,9232.719338,52761.63428,36812.89095,41560.75244,20070.01419,127163.8518,117914.1247,30506.09343,12873.37329,4930.372256,54810.37278,11018.14042,12265.93467,8121.978346,29904.09487,17105.00344,12863.46762
96000,12848.56339,9232.744348,52925.44117,36817.01302,41589.76221,20070.0419,127541.1102,117948.77,30507.44113,12895.13391,4930.373138,55131.3882,11020.0678,12279.03136,8121.981815,30023.62239,17105.19207,12865.24691
97000,12852.82862,9232.767921,53086.61465,36820.9733,41617.83105,20070.06758,127911.8315,117982.2478,30508.72772,12916.57178,4930.373916,55449.2172,11021.90706,12291.6449,8121.984855,30141.04595,17105.36362,12866.91531
98000,12856.92558,9232.790144,53245.20703,36824.78118,41644.99715,20070.09137,128276.145,118014.6157,30509.9566,12937.69405,4930.374602,55763.89918,11023.66221,12303.7931,8121.987517,30256.40258,17105.51964,12868.47974
99000,12860.8623,9232.811097,53401.26916,36828.44542,41671.29704,20070.11342,128634.1771,118045.928,30511.13092,12958.50757,4930.375208,56075.4729,11025.33712,12315.49313,8121.98985,30369.72868,17105.66154,12869.94668
100000,12864.64646,9232.830855,53554.85046,36831.97424,41696.76572,20070.13385,128986.0505,118076.2361,30512.25361,12979.01894,4930.375743,56383.97657,11026.93545,12326.76153,8121.991893,30481.05997,17105.7906,12871.3222
101000,12868.28533,9232.849487,53705.99903,36835.37528,41721.43667,20070.15279,129331.8854,118105.5886,30513.32744,12999.23447,4930.376214,56689.4478,11028.46069,12337.61423,8121.993683,30590.43158,17105.90798,12872.61201
102000,12871.78581,9232.867061,53854.76164,36838.65573,41745.34196,20070.17033,129671.7987,118134.0314,30514.35496,13019.16025,4930.376631,56991.92365,11029.9162,12348.06655,8121.99525,30697.87799,17106.01473,12873.82144
103000,12875.15448,9232.883637,54001.18382,36841.8223,41768.51225,20070.18659,130005.9046,118161.6078,30515.33857,13038.80213,4930.376998,57291.44063,11031.30515,12358.13327,8121.996624,30803.4331,17106.11182,12874.9555
104000,12878.39757,9232.899274,54145.3099,36844.88125,41790.97694,20070.20166,130334.3146,118188.3588,30516.28052,13058.16574,4930.377322,57588.0347,11032.6306,12367.82861,8121.997827,30907.1302,17106.20012,12876.01889
105000,12881.52099,9232.914025,54287.18301,36847.83847,41812.76414,20070.21562,130657.1374,118214.3232,30517.1829,13077.2565,4930.377608,57881.7413,11033.89545,12377.16627,8121.998881,31009.00199,17106.28043,12877.01601
106000,12884.53039,9232.927943,54426.84522,36850.69943,41833.90078,20070.22856,130974.4794,118239.5376,30518.04768,13096.07966,4930.377861,58172.59535,11035.10246,12386.15946,8121.999804,31109.0806,17106.35347,12877.95099
107000,12887.43111,9232.941074,54564.33747,36853.46929,41854.41264,20070.24055,131286.4442,118264.0368,30518.87672,13114.64027,4930.378083,58460.63125,11036.25429,12394.82087,8122.000612,31207.3976,17106.4199,12878.82771
108000,12890.22823,9232.953465,54699.69969,36856.15285,41874.32438,20070.25166,131593.1334,118287.8535,30519.67174,13132.9432,4930.37828,58745.88292,11037.35345,12403.16274,8122.001321,31303.98399,17106.48032,12879.64979
109000,12892.92658,9232.965157,54832.9708,36858.75463,41893.65964,20070.26195,131894.6459,118311.0187,30520.43437,13150.99317,4930.378453,59028.38379,11038.40235,12411.19688,8122.001941,31398.87024,17106.53527,12880.42065
110000,12895.53075,9232.976191,54964.18875,36861.27884,41912.44105,20070.27149,132191.0786,118333.5618,30521.16616,13168.79473,4930.378606,59308.16681,11039.40329,12418.93462,8122.002485,31492.08628,17106.58525,12881.14346
111000,12898.04509,9232.986603,55093.39057,36863.72943,41930.69026,20070.28034,132482.5262,118355.5104,30521.86853,13186.35231,4930.378741,59585.26444,11040.35847,12426.3869,8122.002961,31583.66149,17106.6307,12881.82124
112000,12900.47374,9232.99643,55220.61237,36866.11012,41948.42802,20070.28853,132769.0812,118376.8909,30522.54286,13203.67016,4930.378861,59859.70872,11041.26998,12433.56426,8122.003378,31673.62478,17106.67204,12882.45677
113000,12902.82065,9233.005704,55345.88941,36868.42436,41965.67418,20070.29612,133050.8341,118397.7282,30523.19043,13220.75245,4930.378966,60131.5312,11042.13981,12440.47683,8122.003743,31762.0045,17106.70963,12883.0527
114000,12905.08955,9233.014458,55469.25611,36870.67542,41982.44777,20070.30316,133327.8735,118418.0456,30523.81244,13237.60318,4930.379059,60400.763,11042.96986,12447.13439,8122.004064,31848.82853,17106.74383,12883.6115
115000,12907.284,9233.022719,55590.74607,36872.86634,41998.767,20070.30968,133600.2861,118437.8656,30524.41005,13254.22625,4930.379141,60667.43482,11043.76197,12453.54634,8122.004344,31934.12427,17106.77492,12884.13547
116000,12909.40738,9233.030517,55710.39211,36874.99999,42014.64931,20070.31572,133868.1566,118457.2092,30524.98432,13270.62546,4930.379213,60931.57692,11044.51786,12459.72175,8122.00459,32017.9186,17106.80321,12884.62679
117000,12911.4629,9233.037878,55828.22631,36877.07904,42030.11141,20070.32132,134131.5679,118476.0964,30525.53629,13286.80447,4930.379277,61193.21914,11045.23918,12465.66933,8122.004805,32100.23795,17106.82893,12885.08749
118000,12913.4536,9233.044826,55944.27998,36879.10603,42045.1693,20070.32651,134390.6012,118494.546,30526.06693,13302.76686,4930.379333,61452.39091,11045.92753,12471.3975,8122.004993,32181.1083,17106.85233,12885.51948
119000,12915.38241,9233.051384,56058.58376,36881.0833,42059.83829,20070.33132,134645.3362,118512.576,30526.57715,13318.51613,4930.379382,61709.12125,11046.5844,12476.91434,8122.005158,32260.55515,17106.8736,12885.92455
120000,12917.25206,9233.057574,56171.1676,36883.01308,42074.13308,20070.33577,134895.8505,118530.2034,30527.06783,13334.05565,4930.379426,61963.43881,11047.21124,12482.22766,8122.005303,32338.60354,17106.89296,12886.30438
121000,12919.06518,9233.063418,56282.06076,36884.89746,42088.0677,20070.3399,135142.2204,118547.4442,30527.53978,13349.38872,4930.379465,62215.37181,11047.80941,12487.34497,8122.00543,32415.27811,17106.91056,12886.66054
122000,12920.82428,9233.068934,56391.29188,36886.73839,42101.65564,20070.34373,135384.5207,118564.3138,30527.9938,13364.51857,4930.379499,62464.94813,11048.38024,12492.27349,8122.00554,32490.60303,17106.92656,12886.9945
123000,12922.53171,9233.074142,56498.88899,36888.53772,42114.9098,20070.34727,135622.8243,118580.8264,30528.43064,13379.44833,4930.379529,62712.19524,11048.92497,12497.02019,8122.005638,32564.60205,17106.94112,12887.30765
124000,12924.18973,9233.079057,56604.87949,36890.29718,42127.84253,20070.35056,135857.203,118596.996,30528.85099,13394.18106,4930.379556,62957.14025,11049.44479,12501.59177,8122.005723,32637.29852,17106.95436,12887.60129
125000,12925.80049,9233.083698,56709.2902,36892.01839,42140.46567,20070.3536,136087.727,118612.8354,30529.25554,13408.71974,4930.379579,63199.80991,11049.94084,12505.99471,8122.005797,32708.71537,17106.96641,12887.87663
126000,12927.36602,9233.088079,56812.1474,36893.7029,42152.79058,20070.35643,136314.4651,118628.357,30529.64494,13423.06729,4930.3796,63440.23063,11050.41421,12510.23521,8122.005863,32778.87511,17106.97736,12888.13481
127000,12928.88826,9233.092214,56913.47679,36895.35214,42164.82811,20070.35904,136537.4846,118643.5725,30530.01978,13437.22657,4930.379618,63678.42843,11050.86594,12514.31927,8122.00592,32847.79989,17106.98732,12888.3769
128000,12930.36905,9233.096119,57013.30355,36896.96747,42176.58869,20070.36146,136756.8517,118658.4929,30530.38066,13451.20037,4930.379634,63914.42903,11051.29701,12518.25267,8122.00597,32915.51143,17106.99638,12888.60391
129000,12931.81016,9233.099804,57111.65235,36898.55018,42188.0823,20070.36371,136972.6311,118673.129,30530.72813,13464.99139,4930.379648,64148.25777,11051.70837,12522.04095,8122.006014,32982.03109,17107.00462,12888.81677
130000,12933.21323,9233.103284,57208.54735,36900.10148,42199.31849,20070.36579,137184.8864,118687.4906,30531.06273,13478.60232,4930.379661,64379.93968,11052.10093,12525.68948,8122.006053,33047.37985,17107.01211,12889.01636
131000,12934.57988,9233.106569,57304.01222,36901.62249,42210.30645,20070.36772,137393.6798,118701.5873,30531.38496,13492.03576,4930.379672,64609.49946,11052.47553,12529.20341,8122.006086,33111.57832,17107.01893,12889.20352
132000,12935.91159,9233.10967,57398.07016,36903.11431,42221.05495,20070.36951,137599.0723,118715.4281,30531.69531,13505.29427,4930.379682,64836.96148,11052.83301,12532.58771,8122.006116,33174.64675,17107.02513,12889.37901
133000,12937.20982,9233.112598,57490.74391,36904.57794,42231.57241,20070.37116,137801.1239,118729.0216,30531.99423,13518.38035,4930.37969,65062.3498,11053.17415,12535.84715,8122.006142,33236.60503,17107.03076,12889.54356
134000,12938.47592,9233.115362,57582.05576,36906.01435,42241.86692,20070.3727,137999.8933,118742.3761,30532.28218,13531.29645,4930.379698,65285.68816,11053.49968,12538.98635,8122.006164,33297.4727,17107.03589,12889.69787
135000,12939.71119,9233.117971,57672.02757,36907.42444,42251.9462,20070.37412,138195.4381,118755.4991,30532.55958,13544.04497,4930.379705,65507,11053.81033,12542.00974,8122.006184,33357.26896,17107.04055,12889.84255
136000,12940.91689,9233.120435,57760.68077,36908.80907,42261.81767,20070.37544,138387.8147,118768.3983,30532.82683,13556.62828,4930.379711,65726.30846,11054.10678,12544.92159,8122.006202,33416.01267,17107.04479,12889.97822
137000,12942.09418,9233.122761,57848.03638,36910.16906,42271.48846,20070.37666,138577.0786,118781.0805,30533.08432,13569.04869,4930.379716,65943.63636,11054.38967,12547.72602,8122.006217,33473.72236,17107.04865,12890.10544
138000,12943.24418,9233.124957,57934.11502,36911.50517,42280.96537,20070.37779,138763.2842,118793.5525,30533.33243,13581.30846,4930.379721,66159.00626,11054.65963,12550.42699,8122.00623,33530.41622,17107.05216,12890.22472
139000,12944.36797,9233.12703,58018.93693,36912.81813,42290.25496,20070.37884,138946.4848,118805.8206,30533.5715,13593.40983,4930.379725,66372.44041,11054.91724,12553.02831,8122.006242,33586.11214,17107.05535,12890.33658
140000,12945.46656,9233.128987,58102.52195,36914.10864,42299.36348,20070.37981,139126.7328,118817.891,30533.80189,13605.35498,4930.379728,66583.96078,11055.16308,12555.53367,8122.006252,33640.82769,17107.05825,12890.44146
141000,12946.54092,9233.130835,58184.88957,36915.37735,42308.29696,20070.38071,139304.0795,118829.7695,30534.02391,13617.14605,4930.379731,66793.58907,11055.39768,12557.9466,8122.006261,33694.58011,17107.06089,12890.53981
142000,12947.59198,9233.132579,58266.0589,36916.62488,42317.06117,20070.38155,139478.5753,118841.4615,30534.23789,13628.78516,4930.379734,67001.34668,11055.62154,12560.27052,8122.006269,33747.38637,17107.06329,12890.63203
143000,12948.62061,9233.134226,58346.04871,36917.85182,42325.66164,20070.38232,139650.2698,118852.9723,30534.44412,13640.27438,4930.379737,67207.25477,11055.83518,12562.5087,8122.006276,33799.26311,17107.06547,12890.7185
144000,12949.62764,9233.135781,58424.87743,36919.05875,42334.10368,20070.38304,139819.2114,118864.307,30534.6429,13651.61575,4930.379739,67411.33421,11056.03904,12564.66431,8122.006282,33850.22671,17107.06746,12890.79958
145000,12950.61388,9233.137249,58502.56315,36920.24619,42342.39239,20070.3837,139985.4479,118875.4704,30534.8345,13662.81126,4930.379741,67613.60563,11056.23359,12566.7404,8122.006287,33900.29323,17107.06927,12890.87561
146000,12951.5801,9233.138635,58579.12363,36921.41466,42350.53265,20070.38432,140149.0259,118886.467,30535.01918,13673.86289,4930.379742,67814.08937,11056.41924,12568.7399,8122.006292,33949.47846,17107.07091,12890.9469
147000,12952.527,9233.139944,58654.57631,36922.56464,42358.52915,20070.38489,140309.9915,118897.3012,30535.19721,13684.77258,4930.379744,68012.80553,11056.5964,12570.66563,8122.006296,33997.79792,17107.0724,12891.01375
148000,12953.45528,9233.141179,58728.93834,36923.6966,42366.3864,20070.38542,140468.3898,118907.9772,30535.36883,13695.54222,4930.379745,68209.77398,11056.76546,12572.52032,8122.006299,34045.26685,17107.07376,12891.07644
149000,12954.36561,9233.142345,58802.22655,36924.81098,42374.10871,20070.38591,140624.2648,118918.499,30535.53427,13706.17369,4930.379746,68405.01431,11056.92679,12574.30659,8122.006302,34091.90022,17107.075,12891.13522
150000,12955.2586,9233.143446,58874.45746,36925.9082,42381.70024,20070.38636,140777.6603,118928.8705,30535.69377,13716.66884,4930.379747,68598.54587,11057.08074,12576.02696,8122.006305,34137.71272,17107.07612,12891.19033
151000,12956.13486,9233.144486,58945.64734,36926.98866,42389.16496,20070.38678,140928.6187,118939.0953,30535.84754,13727.02947,4930.379748,68790.38779,11057.22765,12577.68386,8122.006307,34182.71883,17107.07714,12891.24201
152000,12956.99496,9233.145468,59015.81213,36928.05277,42396.50671,20070.38717,141077.1819,118949.1769,30535.99579,13737.25738,4930.379749,68980.55894,11057.36785,12579.27964,8122.00631,34226.93272,17107.07807,12891.29047
153000,12957.83944,9233.146394,59084.96754,36929.10087,42403.72914,20070.38753,141223.3912,118959.1187,30536.13872,13747.35432,4930.37975,69169.07798,11057.50164,12580.81654,8122.006311,34270.36835,17107.07892,12891.33591
154000,12958.66883,9233.147269,59153.12897,36930.13334,42410.83579,20070.38787,141367.2868,118968.924,30536.27653,13757.32203,4930.37975,69355.96332,11057.62931,12582.29675,8122.006313,34313.03941,17107.07968,12891.37852
155000,12959.48362,9233.148095,59220.31159,36931.1505,42417.83004,20070.38818,141508.9086,118978.5957,30536.40941,13767.1622,4930.379751,69541.23315,11057.75114,12583.72235,8122.006314,34354.95936,17107.08038,12891.41847
156000,12960.28428,9233.148875,59286.53028,36932.1527,42424.71515,20070.38846,141648.2953,118988.1369,30536.53753,13776.87652,4930.379751,69724.90543,11057.8674,12585.09536,8122.006316,34396.14142,17107.08102,12891.45593
157000,12961.07126,9233.149611,59351.79969,36933.14023,42431.49424,20070.38873,141785.4852,118997.5504,30536.66106,13786.46664,4930.379752,69906.99791,11057.97835,12586.41771,8122.006317,34436.59859,17107.0816,12891.49106
158000,12961.845,9233.150306,59416.13421,36934.11341,42438.17032,20070.38898,141920.516,119006.839,30536.78018,13795.93419,4930.379752,70087.52812,11058.08422,12587.69128,8122.006318,34476.34361,17107.08212,12891.524
159000,12962.60592,9233.150963,59479.54801,36935.07252,42444.74626,20070.38921,142053.4245,119016.0054,30536.89504,13805.28077,4930.379753,70266.51338,11058.18525,12588.91787,8122.006318,34515.38904,17107.0826,12891.55489
160000,12963.35439,9233.151582,59542.055,36936.01785,42451.22486,20070.38942,142184.2469,119025.0519,30537.00579,13814.50797,4930.379753,70443.97077,11058.28167,12590.09921,8122.006319,34553.74717,17107.08304,12891.58385
161000,12964.09081,9233.152167,59603.66885,36936.94966,42457.60877,20070.38961,142313.0189,119033.9811,30537.11259,13823.61734,4930.379753,70619.91721,11058.37367,12591.23696,8122.00632,34591.43011,17107.08343,12891.61101
162000,12964.81553,9233.152719,59664.40305,36937.86821,42463.90055,20070.3898,142439.7753,119042.7954,30537.21558,13832.61043,4930.379753,70794.36936,11058.46147,12592.33274,8122.00632,34628.44974,17107.08379,12891.63647
163000,12965.52889,9233.153241,59724.27081,36938.77375,42470.10268,20070.38996,142564.5506,119051.4969,30537.3149,13841.48873,4930.379754,70967.34373,11058.54525,12593.3881,8122.006321,34664.81775,17107.08412,12891.66035
164000,12966.23123,9233.153733,59783.28516,36939.66654,42476.21752,20070.39012,142687.3784,119060.0879,30537.41067,13850.25376,4930.379754,71138.85658,11058.62521,12594.40452,8122.006321,34700.54559,17107.08442,12891.68274
165000,12966.92286,9233.154198,59841.4589,36940.54679,42482.24736,20070.39027,142808.2919,119068.5704,30537.50303,13858.90697,4930.379754,71308.92402,11058.7015,12595.38345,8122.006322,34735.64454,17107.08469,12891.70373
166000,12967.60408,9233.154637,59898.80465,36941.41474,42488.19439,20070.3904,142927.3237,119076.9465,30537.59209,13867.44981,4930.379754,71477.56193,11058.77431,12596.32626,8122.006322,34770.12567,17107.08494,12891.72342
167000,12968.27518,9233.155051,59955.33477,36942.2706,42494.06072,20070.39052,143044.5056,119085.2181,30537.67798,13875.88372,4930.379754,71644.78601,11058.84379,12597.23429,8122.006322,34803.99985,17107.08516,12891.74188
168000,12968.93643,9233.155442,60011.06148,36943.1146,42499.84839,20070.39064,143159.8692,119093.3872,30537.76082,13884.21011,4930.379754,71810.61178,11058.91009,12598.10882,8122.006323,34837.27777,17107.08536,12891.75919
169000,12969.5881,9233.155811,60065.99676,36943.94692,42505.55935,20070.39075,143273.4452,119101.4555,30537.8407,13892.43037,4930.379754,71975.05455,11058.97336,12598.95109,8122.006323,34869.96992,17107.08555,12891.77542
170000,12970.23045,9233.15616,60120.15241,36944.76779,42511.19548,20070.39085,143385.264,119109.4249,30537.91774,13900.54587,4930.379754,72138.12947,11059.03374,12599.76228,8122.006323,34902.08661,17107.08572,12891.79064
171000,12970.86371,9233.156489,60173.54006,36945.57738,42516.75861,20070.39094,143495.3554,119117.2969,30537.99203,13908.55795,4930.379755,72299.8515,11059.09136,12600.54355,8122.006323,34933.63797,17107.08587,12891.80491
172000,12971.48812,9233.1568,60226.17112,36946.37589,42522.25047,20070.39102,143603.7486,119125.0734,30538.06369,13916.46796,4930.379755,72460.23541,11059.14634,12601.296,8122.006323,34964.63396,17107.08601,12891.81829
173000,12972.10391,9233.157093,60278.05685,36947.16349,42527.67275,20070.3911,143710.4723,119132.7558,30538.13279,13924.2772,4930.379755,72619.29581,11059.19881,12602.02069,8122.006323,34995.08435,17107.08614,12891.83083
174000,12972.71127,9233.15737,60329.20831,36947.94038,42533.02708,20070.39117,143815.5549,119140.3458,30538.19943,13931.98699,4930.379755,72777.04712,11059.24888,12602.71864,8122.006324,35024.99874,17107.08625,12891.8426
175000,12973.31043,9233.157632,60379.63639,36948.70672,42538.31501,20070.39124,143919.024,119147.8448,30538.26371,13939.59858,4930.379755,72933.5036,11059.29666,12603.39084,8122.006324,35054.38657,17107.08636,12891.85363
176000,12973.90158,9233.157879,60429.35181,36949.46267,42543.53805,20070.3913,144020.9069,119155.2544,30538.3257,13947.11326,4930.379755,73088.67932,11059.34226,12604.03825,8122.006324,35083.25711,17107.08645,12891.86398
177000,12974.4849,9233.158112,60478.36513,36950.20841,42548.69766,20070.39136,144121.2304,119162.5759,30538.38548,13954.53226,4930.379755,73242.58821,11059.38577,12604.66177,8122.006324,35111.61945,17107.08654,12891.87368
178000,12975.06059,9233.158332,60526.68673,36950.9441,42553.79523,20070.39142,144220.0208,119169.8106,30538.44315,13961.85681,4930.379755,73395.24402,11059.42729,12605.26229,8122.006324,35139.48256,17107.08662,12891.88277
179000,12975.6288,9233.15854,60574.32684,36951.66988,42558.83212,20070.39147,144317.304,119176.9601,30538.49876,13969.08813,4930.379755,73546.66033,11059.46692,12605.84066,8122.006324,35166.85521,17107.08669,12891.8913
180000,12976.18972,9233.158736,60621.29551,36952.38592,42563.80963,20070.39151,144413.1054,119184.0254,30538.55239,13976.22741,4930.379755,73696.85056,11059.50473,12606.39768,8122.006324,35193.74604,17107.08675,12891.8993
181000,12976.7435,9233.158921,60667.60266,36953.09236,42568.72902,20070.39156,144507.45,119191.008,30538.60412,13983.27583,4930.379755,73845.82799,11059.54081,12606.93416,8122.006324,35220.16352,17107.08681,12891.9068
182000,12977.29029,9233.159096,60713.25803,36953.78935,42573.59151,20070.3916,144600.3622,119197.9091,30538.65401,13990.23455,4930.379755,73993.60572,11059.57524,12607.45085,8122.006324,35246.116,17107.08687,12891.91383
183000,12977.83026,9233.159261,60758.27123,36954.47703,42578.39826,20070.39163,144691.8663,119204.7298,30538.70213,13997.10472,4930.379755,74140.19669,11059.6081,12607.94848,8122.006324,35271.61166,17107.08692,12891.92042
184000,12978.36353,9233.159417,60802.65171,36955.15554,42583.15042,20070.39167,144781.9859,119211.4713,30538.74854,14003.88749,4930.379755,74285.61372,11059.63946,12608.42774,8122.006324,35296.65853,17107.08696,12891.92661
185000,12978.89026,9233.159564,60846.40878,36955.82501,42587.84906,20070.3917,144870.7442,119218.1348,30538.7933,14010.58396,4930.379755,74429.86945,11059.66938,12608.88933,8122.006324,35321.26453,17107.087,12891.9324
186000,12979.41056,9233.159703,60889.5516,36956.48558,42592.49527,20070.39173,144958.1641,119224.7213,30538.83648,14017.19524,4930.379755,74572.97638,11059.69794,12609.33389,8122.006324,35345.43739,17107.08704,12891.93784
187000,12979.92458,9233.159835,60932.08919,36957.13738,42597.09004,20070.39175,145044.2682,119231.2321,30538.87811,14023.72242,4930.379755,74714.94686,11059.72518,12609.76205,8122.006324,35369.18477,17107.08707,12891.94294
188000,12980.43243,9233.159958,60974.03043,36957.78053,42601.63437,20070.39178,145129.0785,119237.668,30538.91828,14030.16657,4930.379755,74855.79309,11059.75119,12610.17441,8122.006324,35392.51413,17107.0871,12891.94772
189000,12980.93424,9233.160075,61015.38409,36958.41517,42606.12923,20070.3918,145212.6168,119244.0302,30538.95701,14036.52876,4930.379755,74995.52713,11059.776,12610.57156,8122.006324,35415.43284,17107.08713,12891.9522
190000,12981.43012,9233.160186,61056.15876,36959.04141,42610.57552,20070.39182,145294.9042,119250.3197,30538.99437,14042.81003,4930.379755,75134.16091,11059.79968,12610.95406,8122.006324,35437.94813,17107.08716,12891.9564
191000,12981.92017,9233.16029,61096.36293,36959.65937,42614.97415,20070.39184,145375.9619,119256.5374,30539.0304,14049.01142,4930.379755,75271.70621,11059.82228,12611.32244,8122.006324,35460.0671,17107.08718,12891.96034
192000,12982.40452,9233.160388,61136.00495,36960.26917,42619.32598,20070.39186,145455.8104,119262.6843,30539.06516,14055.13395,4930.379755,75408.17465,11059.84384,12611.67724,8122.006324,35481.79672,17107.0872,12891.96404
193000,12982.88326,9233.160481,61175.09306,36960.87093,42623.63185,20070.39188,145534.47,119268.7615,30539.09868,14061.17862,4930.379755,75543.57776,11059.86442,12612.01895,8122.006324,35503.14386,17107.08722,12891.9675
194000,12983.35649,9233.160569,61213.63534,36961.46476,42627.89257,20070.3919,145611.9605,119274.7697,30539.13101,14067.14642,4930.379755,75677.92689,11059.88405,12612.34805,8122.006324,35524.11523,17107.08724,12891.97075
195000,12983.82431,9233.160652,61251.63978,36962.05078,42632.10893,20070.39191,145688.3015,119280.7099,30539.1622,14073.03835,4930.379755,75811.23328,11059.90279,12612.66501,8122.006324,35544.71746,17107.08725,12891.9738
196000,12984.28682,9233.16073,61289.11424,36962.62908,42636.28168,20070.39192,145763.5123,119286.583,30539.19227,14078.85535,4930.379755,75943.50805,11059.92068,12612.97028,8122.006324,35564.95705,17107.08727,12891.97665
197000,12984.7441,9233.160804,61326.06645,36963.19978,42640.41158,20070.39194,145837.6117,119292.3898,30539.22128,14084.5984,4930.379755,76074.76215,11059.93774,12613.26428,8122.006324,35584.84037,17107.08728,12891.97933
198000,12985.19625,9233.160874,61362.50404,36963.76299,42644.49932,20070.39195,145910.6182,119298.1313,30539.24927,14090.26843,4930.379755,76205.00643,11059.95402,12613.54744,8122.006324,35604.37369,17107.08729,12891.98184
199000,12985.64334,9233.160939,61398.43451,36964.3188,42648.54561,20070.39196,145982.5501,119303.8082,30539.27625,14095.86638,4930.379755,76334.25163,11059.96956,12613.82015,8122.006324,35623.56319,17107.0873,12891.9842
200000,12986.08546,9233.161001,61433.86525,36964.86733,42652.55112,20070.39197,146053.4254,119309.4213,30539.30229,14101.39316,4930.379755,76462.50832,11059.98439,12614.08281,8122.006324,35642.41491,17107.08731,12891.98641
201000,12986.5227,9233.16106,61468.80355,36965.40866,42656.5165,20070.39198,146123.2616,119314.9716,30539.32739,14106.84968,4930.379755,76589.78697,11059.99854,12614.33577,8122.006324,35660.93479,17107.08732,12891.98848
202000,12986.95513,9233.161115,61503.25658,36965.9429,42660.44239,20070.39199,146192.076,119320.4597,30539.35161,14112.23684,4930.379755,76716.09795,11060.01205,12614.5794,8122.006324,35679.12868,17107.08733,12891.99042
203000,12987.38282,9233.161168,61537.23141,36966.47015,42664.32941,20070.392,146259.8858,119325.8864,30539.37497,14117.55551,4930.379755,76841.45146,11060.02493,12614.81404,8122.006324,35697.00232,17107.08734,12891.99224
204000,12987.80585,9233.161217,61570.73499,36966.99049,42668.17814,20070.392,146326.7075,119331.2525,30539.3975,14122.80658,4930.379755,76965.85763,11060.03723,12615.04003,8122.006324,35714.56134,17107.08734,12891.99395
205000,12988.22428,9233.161264,61603.77417,36967.50403,42671.98918,20070.39201,146392.5577,119336.5587,30539.41923,14127.9909,4930.379755,77089.32644,11060.04897,12615.25768,8122.006324,35731.81128,17107.08735,12891.99555
206000,12988.6382,9233.161308,61636.35572,36968.01086,42675.76309,20070.39202,146457.4525,119341.8058,30539.44018,14133.10932,4930.379755,77211.86776,11060.06017,12615.4673,8122.006324,35748.75758,17107.08735,12891.99705
207000,12989.04766,9233.161349,61668.48628,36968.51106,42679.50042,20070.39202,146521.4077,119346.9945,30539.4604,14138.16268,4930.379755,77333.49135,11060.07085,12615.66918,8122.006324,35765.40559,17107.08736,12891.99846
208000,12989.45274,9233.161388,61700.17241,36969.00473,42683.2017,20070.39203,146584.439,119352.1255,30539.4799,14143.15182,4930.379755,77454.20687,11060.08105,12615.86362,8122.006324,35781.76055,17107.08736,12891.99978
209000,12989.85348,9233.161425,61731.42055,36969.49195,42686.86746,20070.39203,146646.5617,119357.1994,30539.4987,14148.07754,4930.379755,77574.02384,11060.09078,12616.05089,8122.006324,35797.82763,17107.08737,12892.00101
210000,12990.24997,9233.16146,61762.23707,36969.97281,42690.49819,20070.39204,146707.7909,119362.2171,30539.51684,14152.94065,4930.379755,77692.95168,11060.10007,12616.23124,8122.006324,35813.61189,17107.08737,12892.00217
211000,12990.64225,9233.161493,61792.62823,36970.4474,42694.0944,20070.39204,146768.1414,119367.1791,30539.53434,14157.74196,4930.379755,77810.99972,11060.10893,12616.40495,8122.006324,35829.11832,17107.08738,12892.00326
212000,12991.03039,9233.161525,61822.6002,36970.9158,42697.65656,20070.39205,146827.6277,119372.0861,30539.55122,14162.48225,4930.379755,77928.17715,11060.11739,12616.57224,8122.006324,35844.35179,17107.08738,12892.00428
213000,12991.41445,9233.161554,61852.15906,36971.37809,42701.18514,20070.39205,146886.2642,119376.9388,30539.56749,14167.16229,4930.379755,78044.49307,11060.12546,12616.73337,8122.006324,35859.31712,17107.08738,12892.00524
214000,12991.79447,9233.161582,61881.31079,36971.83435,42704.68059,20070.39205,146944.0649,119381.7379,30539.58319,14171.78285,4930.379755,78159.95649,11060.13316,12616.88855,8122.006324,35874.01903,17107.08738,12892.00614
215000,12992.17052,9233.161608,61910.0613,36972.28467,42708.14336,20070.39206,147001.0436,119386.4838,30539.59834,14176.34469,4930.379755,78274.57628,11060.14051,12617.038,8122.006324,35888.46214,17107.08739,12892.00698
216000,12992.54264,9233.161633,61938.4164,36972.72913,42711.57388,20070.39206,147057.214,119391.1774,30539.61294,14180.84855,4930.379755,78388.36124,11060.14752,12617.18194,8122.006324,35902.65103,17107.08739,12892.00777
217000,12992.91089,9233.161656,61966.38181,36973.16779,42714.97258,20070.39206,147112.5895,119395.8191,30539.62703,14185.29518,4930.379755,78501.32005,11060.15421,12617.32057,8122.006324,35916.59016,17107.08739,12892.00851
218000,12993.27533,9233.161678,61993.96318,36973.60074,42718.33986,20070.39207,147167.183,119400.4096,30539.64062,14189.6853,4930.379755,78613.4613,11060.1606,12617.45409,8122.006324,35930.28393,17107.08739,12892.0092
219000,12993.63599,9233.161699,62021.16606,36974.02806,42721.67614,20070.39207,147221.0075,119404.9495,30539.65373,14194.01962,4930.379755,78724.79346,11060.16669,12617.58268,8122.006324,35943.73665,17107.08739,12892.00985
220000,12993.99293,9233.161719,62047.99592,36974.44981,42724.98179,20070.39207,147274.0758,119409.4393,30539.66637,14198.29887,4930.379755,78835.32494,11060.17251,12617.70653,8122.006324,35956.95258,17107.08739,12892.01046
221000,12994.3462,9233.161737,62074.45817,36974.86608,42728.25721,20070.39207,147326.4002,119413.8797,30539.67856,14202.52374,4930.379755,78945.06402,11060.17806,12617.8258,8122.006324,35969.93588,17107.0874,12892.01103
222000,12994.69583,9233.161755,62100.55811,36975.27693,42731.50277,20070.39207,147377.9931,119418.2713,30539.69032,14206.69491,4930.379755,79054.01889,11060.18336,12617.94068,8122.006324,35982.69064,17107.0874,12892.01157
223000,12995.04189,9233.161771,62126.30099,36975.68243,42734.71884,20070.39208,147428.8664,119422.6145,30539.70167,14210.81309,4930.379755,79162.19766,11060.18841,12618.05132,8122.006324,35995.22089,17107.0874,12892.01207
224000,12995.38441,9233.161787,62151.69195,36976.08266,42737.90577,20070.39208,147479.032,119426.9099,30539.71261,14214.87892,4930.379755,79269.60834,11060.19323,12618.15788,8122.006324,36007.53057,17107.0874,12892.01254
225000,12995.72343,9233.161802,62176.7361,36976.47769,42741.06392,20070.39208,147528.5016,119431.1582,30539.72316,14218.8931,4930.379755,79376.25884,11060.19783,12618.26051,8122.006324,36019.62358,17107.0874,12892.01298
226000,12996.059,9233.161816,62201.43842,36976.86758,42744.19362,20070.39208,147577.2865,119435.3597,30539.73334,14222.85626,4930.379755,79482.15698,11060.20223,12618.35935,8122.006324,36031.50372,17107.0874,12892.0134
227000,12996.39116,9233.161829,62225.80386,36977.25241,42747.29522,20070.39208,147625.398,119439.5152,30539.74316,14226.76906,4930.379755,79587.3105,11060.20642,12618.45454,8122.006324,36043.17475,17107.0874,12892.01379
228000,12996.71995,9233.161841,62249.83727,36977.63223,42750.36904,20070.39208,147672.8472,119443.625,30539.75263,14230.63214,4930.379755,79691.72705,11060.21042,12618.54622,8122.006324,36054.64034,17107.0874,12892.01415
229000,12997.04542,9233.161853,62273.54346,36978.00711,42753.4154,20070.39208,147719.6449,119447.6897,30539.76177,14234.44614,4930.379755,79795.41418,11060.21423,12618.63452,8122.006324,36065.90411,17107.0874,12892.01449
230000,12997.36759,9233.161864,62296.92713,36978.37712,42756.43462,20070.39208,147765.8018,119451.7098,30539.77058,14238.21166,4930.379755,79898.37937,11060.21788,12618.71957,8122.006324,36076.9696,17107.0874,12892.01481
231000,12997.68651,9233.161875,62319.99294,36978.74233,42759.427,20070.39209,147811.3284,119455.6858,30539.77908,14241.92934,4930.379755,80000.63,11060.22135,12618.80147,8122.006324,36087.84033,17107.0874,12892.01511
232000,12998.00222,9233.161884,62342.74547,36979.10279,42762.39285,20070.39209,147856.2349,119459.6183,30539.78728,14245.59978,4930.379755,80102.17337,11060.22467,12618.88035,8122.006324,36098.5197,17107.08741,12892.0154
233000,12998.31475,9233.161894,62365.18924,36979.45857,42765.33246,20070.39209,147900.5316,119463.5076,30539.79518,14249.22358,4930.379755,80203.01669,11060.22783,12618.95633,8122.006324,36109.01109,17107.08741,12892.01566
234000,12998.62414,9233.161902,62387.32868,36979.80973,42768.24613,20070.39209,147944.2284,119467.3543,30539.80281,14252.80134,4930.379755,80303.16711,11060.23085,12619.0295,8122.006324,36119.3178,17107.08741,12892.01591
235000,12998.93043,9233.161911,62409.16819,36980.15632,42771.13413,20070.39209,147987.3351,119471.1589,30539.81016,14256.33363,4930.379755,80402.63167,11060.23374,12619.09997,8122.006324,36129.4431,17107.08741,12892.01614
236000,12999.23365,9233.161919,62430.71209,36980.49842,42773.99675,20070.39209,148029.8613,119474.9219,30539.81726,14259.82104,4930.379755,80501.41734,11060.23649,12619.16784,8122.006324,36139.39017,17107.08741,12892.01636
237000,12999.53384,9233.161926,62451.96462,36980.83607,42776.83427,20070.39209,148071.8165,119478.6437,30539.8241,14263.26413,4930.379755,80599.53103,11060.23911,12619.23321,8122.006324,36149.16214,17107.08741,12892.01656
238000,12999.83102,9233.161933,62472.92999,36981.16934,42779.64694,20070.39209,148113.2099,119482.3247,30539.8307,14266.66348,4930.379755,80696.97953,11060.24162,12619.29617,8122.006324,36158.76211,17107.08741,12892.01675
239000,13000.12525,9233.16194,62493.61232,36981.49828,42782.43504,20070.39209,148154.0508,119485.9654,30539.83707,14270.01963,4930.379755,80793.76959,11060.24401,12619.3568,8122.006324,36168.19309,17107.08741,12892.01693
240000,13000.41653,9233.161946,62514.01568,36981.82295,42785.19883,20070.39209,148194.3481,119489.5664,30539.84321,14273.33314,4930.379755,80889.90786,11060.24629,12619.4152,8122.006324,36177.45807,17107.08741,12892.0171
241000,13000.70492,9233.161952,62534.1441,36982.14341,42787.93855,20070.39209,148234.1106,119493.1279,30539.84913,14276.60454,4930.379755,80985.40093,11060.24846,12619.47144,8122.006324,36186.55996,17107.08741,12892.01726
242000,13000.99044,9233.161957,62554.00151,36982.45971,42790.65447,20070.39209,148273.3471,119496.6505,30539.85485,14279.83438,4930.379755,81080.2553,11060.25054,12619.52561,8122.006324,36195.50164,17107.08741,12892.01741
243000,13001.27312,9233.161963,62573.59181,36982.7719,42793.34682,20070.39209,148312.066,119500.1346,30539.86036,14283.02317,4930.379755,81174.47741,11060.25252,12619.57778,8122.006324,36204.28593,17107.08741,12892.01755
244000,13001.553,9233.161967,62592.91885,36983.08004,42796.01585,20070.39209,148350.2758,119503.5806,30539.86567,14286.17145,4930.379755,81268.07361,11060.25441,12619.62802,8122.006324,36212.91559,17107.08741,12892.01768
245000,13001.8301,9233.161972,62611.9864,36983.38417,42798.6618,20070.39209,148387.9847,119506.989,30539.8708,14289.27973,4930.379755,81361.05019,11060.25622,12619.67641,8122.006324,36221.39335,17107.08741,12892.0178
246000,13002.10446,9233.161977,62630.79818,36983.68437,42801.28489,20070.39209,148425.2008,119510.3601,30539.87574,14292.34851,4930.379755,81453.41337,11060.25794,12619.72302,8122.006324,36229.72188,17107.08741,12892.01791
247000,13002.3761,9233.161981,62649.35789,36983.98066,42803.88537,20070.39209,148461.9321,119513.6944,30539.88051,14295.3783,4930.379755,81545.16929,11060.25958,12619.7679,8122.006324,36237.90381,17107.08741,12892.01802
248000,13002.64505,9233.161985,62667.66912,36984.27312,42806.46346,20070.39209,148498.1865,119516.9923,30539.88511,14298.3696,4930.379755,81636.32402,11060.26115,12619.81113,8122.006324,36245.94171,17107.08741,12892.01812
249000,13002.91134,9233.161988,62685.73544,36984.56177,42809.01937,20070.39209,148533.9715,119520.2541,30539.88955,14301.32288,4930.379755,81726.88357,11060.26265,12619.85277,8122.006324,36253.83814,17107.08741,12892.01821
250000,13003.175,9233.161992,62703.56037,36984.84668,42811.55334,20070.39209,148569.2948,119523.4804,30539.89383,14304.23864,4930.379755,81816.85388,11060.26408,12619.89287,8122.006324,36261.59557,17107.08741,12892.0183
251000,13003.43606,9233.161995,62721.14738,36985.1279,42814.06557,20070.39209,148604.1639,119526.6714,30539.89796,14307.11735,4930.379755,81906.24081,11060.26544,12619.93149,8122.006324,36269.21644,17107.08741,12892.01839
252000,13003.69455,9233.161998,62738.49987,36985.40546,42816.55628,20070.3921,148638.586,119529.8276,30539.90194,14309.95949,4930.379755,81995.05017,11060.26674,12619.96868,8122.006324,36276.70318,17107.08741,12892.01846
253000,13003.95049,9233.162001,62755.6212,36985.67943,42819.02567,20070.3921,148672.5683,119532.9493,30539.90578,14312.76551,4930.379755,82083.28769,11060.26798,12620.00451,8122.006324,36284.05813,17107.08741,12892.01854
254000,13004.20391,9233.162004,62772.51468,36985.94984,42821.47397,20070.3921,148706.118,119536.0369,30539.90949,14315.53588,4930.379755,82170.95905,11060.26917,12620.03901,8122.006324,36291.28362,17107.08741,12892.01861
255000,13004.45483,9233.162007,62789.18359,36986.21674,42823.90136,20070.3921,148739.2419,119539.0909,30539.91306,14318.27105,4930.379755,82258.06986,11060.2703,12620.07224,8122.006324,36298.38192,17107.08741,12892.01867
256000,13004.70329,9233.162009,62805.63113,36986.48018,42826.30805,20070.3921,148771.9469,119542.1116,30539.91651,14320.97147,4930.379755,82344.62564,11060.27138,12620.10424,8122.006324,36305.35527,17107.08741,12892.01873
257000,13004.9493,9233.162011,62821.86048,36986.7402,42828.69424,20070.3921,148804.2397,119545.0992,30539.91983,14323.63757,4930.379755,82430.6319,11060.27241,12620.13506,8122.006324,36312.20588,17107.08741,12892.01879
258000,13005.1929,9233.162014,62837.87477,36986.99684,42831.06011,20070.3921,148836.1269,119548.0543,30539.92304,14326.2698,4930.379755,82516.09403,11060.27339,12620.16475,8122.006324,36318.9359,17107.08741,12892.01884
259000,13005.4341,9233.162016,62853.67706,36987.25016,42833.40588,20070.3921,148867.6149,119550.9772,30539.92613,14328.86859,4930.379755,82601.01741,11060.27433,12620.19334,8122.006324,36325.54746,17107.08741,12892.01889
260000,13005.67293,9233.162018,62869.27039,36987.5002,42835.73171,20070.3921,148898.7103,119553.8682,30539.92911,14331.43435,4930.379755,82685.40733,11060.27522,12620.22088,8122.006324,36332.04264,17107.08741,12892.01893
261000,13005.90943,9233.16202,62884.65775,36987.74699,42838.03781,20070.3921,148929.4192,119556.7276,30539.93199,14333.96752,4930.379755,82769.26902,11060.27607,12620.2474,8122.006324,36338.42349,17107.08741,12892.01898
262000,13006.1436,9233.162021,62899.84209,36987.99057,42840.32435,20070.3921,148959.7478,119559.5559,30539.93477,14336.4685,4930.379755,82852.60766,11060.27689,12620.27294,8122.006324,36344.69202,17107.08741,12892.01902
263000,13006.37548,9233.162023,62914.82631,36988.231,42842.59152,20070.3921,148989.7022,119562.3533,30539.93744,14338.9377,4930.379755,82935.42837,11060.27767,12620.29754,8122.006324,36350.85021,17107.08741,12892.01906
264000,13006.60508,9233.162025,62929.61327,36988.46831,42844.8395,20070.3921,149019.2883,119565.1203,30539.94002,14341.37553,4930.379755,83017.7362,11060.27841,12620.32123,8122.006324,36356.9,17107.08741,12892.01909
265000,13006.83244,9233.162026,62944.20578,36988.70254,42847.06846,20070.3921,149048.512,119567.857,30539.94251,14343.78238,4930.379755,83099.53617,11060.27912,12620.34404,8122.006324,36362.8433,17107.08741,12892.01913
266000,13007.05757,9233.162027,62958.60663,36988.93374,42849.27859,20070.3921,149077.379,119570.5639,30539.94492,14346.15865,4930.379755,83180.83322,11060.27979,12620.36602,8122.006324,36368.68199,17107.08741,12892.01916
267000,13007.2805,9233.162029,62972.81855,36989.16193,42851.47004,20070.3921,149105.895,119573.2413,30539.94723,14348.50473,4930.379755,83261.63223,11060.28044,12620.38719,8122.006324,36374.4179,17107.08741,12892.01919
268000,13007.50125,9233.16203,62986.84424,36989.38717,42853.643,20070.3921,149134.0656,119575.8896,30539.94947,14350.821,4930.379755,83341.93805,11060.28105,12620.40757,8122.006324,36380.05285,17107.08741,12892.01922
269000,13007.71984,9233.162031,63000.68636,36989.60948,42855.79762,20070.3921,149161.8962,119578.5089,30539.95162,14353.10785,4930.379755,83421.75546,11060.28164,12620.4272,8122.006324,36385.5886,17107.08741,12892.01924
270000,13007.93629,9233.162032,63014.34752,36989.82891,42857.93409,20070.3921,149189.3922,119581.0997,30539.9537,14355.36563,4930.379755,83501.08917,11060.2822,12620.44611,8122.006324,36391.02692,17107.08741,12892.01927
271000,13008.15062,9233.162033,63027.83032,36990.04549,42860.05256,20070.3921,149216.5589,119583.6623,30539.95571,14357.59473,4930.379755,83579.94388,11060.28273,12620.46432,8122.006324,36396.36951,17107.08741,12892.01929
272000,13008.36287,9233.162034,63041.13728,36990.25927,42862.1532,20070.3921,149243.4016,119586.1969,30539.95764,14359.79551,4930.379755,83658.32419,11060.28324,12620.48186,8122.006324,36401.61806,17107.08741,12892.01931
273000,13008.57304,9233.162035,63054.27092,36990.47027,42864.23616,20070.3921,149269.9252,119588.7039,30539.95951,14361.96832,4930.379755,83736.23468,11060.28373,12620.49875,8122.006324,36406.77422,17107.08741,12892.01933
274000,13008.78115,9233.162036,63067.23371,36990.67854,42866.3016,20070.3921,149296.1348,119591.1836,30539.96131,14364.11352,4930.379755,83813.67986,11060.28419,12620.51502,8122.006324,36411.83962,17107.08741,12892.01935
275000,13008.98724,9233.162037,63080.02809,36990.8841,42868.34969,20070.3921,149322.0354,119593.6363,30539.96304,14366.23147,4930.379755,83890.6642,11060.28464,12620.53069,8122.006324,36416.81586,17107.08741,12892.01937
276000,13009.19131,9233.162038,63092.65644,36991.087,42870.38058,20070.3921,149347.6318,119596.0623,30539.96472,14368.32251,4930.379755,83967.19212,11060.28506,12620.54578,8122.006324,36421.7045,17107.08741,12892.01938
277000,13009.3934,9233.162039,63105.12114,36991.28727,42872.39441,20070.3921,149372.9288,119598.4618,30539.96633,14370.38698,4930.379755,84043.26798,11060.28546,12620.56031,8122.006324,36426.5071,17107.08741,12892.0194
278000,13009.59351,9233.162039,63117.42452,36991.48494,42874.39135,20070.3921,149397.9311,119600.8352,30539.96789,14372.42523,4930.379755,84118.8961,11060.28585,12620.57431,8122.006324,36431.22515,17107.08741,12892.01941
279000,13009.79167,9233.16204,63129.56887,36991.68005,42876.37153,20070.3921,149422.6432,119603.1827,30539.96939,14374.43757,4930.379755,84194.08075,11060.28622,12620.58779,8122.006324,36435.86016,17107.08741,12892.01943
280000,13009.9879,9233.162041,63141.55645,36991.87263,42878.33512,20070.3921,149447.0698,119605.5046,30539.97084,14376.42434,4930.379755,84268.82615,11060.28657,12620.60077,8122.006324,36440.41358,17107.08741,12892.01944
281000,13010.18221,9233.162041,63153.3895,36992.06271,42880.28225,20070.3921,149471.2153,119607.8012,30539.97224,14378.38587,4930.379755,84343.13648,11060.2869,12620.61328,8122.006324,36444.88685,17107.08741,12892.01945
282000,13010.37464,9233.162042,63165.0702,36992.25032,42882.21308,20070.3921,149495.0841,119610.0729,30539.97359,14380.32248,4930.379755,84417.01586,11060.28722,12620.62532,8122.006324,36449.28139,17107.08741,12892.01946
283000,13010.56518,9233.162042,63176.60073,36992.4355,42884.12773,20070.3921,149518.6804,119612.3197,30539.97489,14382.23449,4930.379755,84490.46837,11060.28753,12620.63692,8122.006324,36453.59856,17107.08741,12892.01948
284000,13010.75387,9233.162043,63187.98323,36992.61828,42886.02637,20070.3921,149542.0085,119614.5421,30539.97614,14384.1222,4930.379755,84563.49805,11060.28782,12620.64809,8122.006324,36457.83975,17107.08741,12892.01949
285000,13010.94073,9233.162043,63199.21978,36992.79869,42887.90912,20070.3921,149565.0726,119616.7403,30539.97735,14385.98592,4930.379755,84636.10889,11060.2881,12620.65885,8122.006324,36462.00628,17107.08741,12892.01949
286000,13011.12576,9233.162044,63210.31247,36992.97676,42889.77612,20070.3921,149587.8768,119618.9146,30539.97852,14387.82597,4930.379755,84708.30482,11060.28836,12620.66921,8122.006324,36466.09947,17107.08741,12892.0195
287000,13011.30899,9233.162044,63221.26334,36993.15252,42891.62752,20070.3921,149610.4251,119621.0651,30539.97965,14389.64263,4930.379755,84780.08976,11060.28861,12620.67919,8122.006324,36470.12061,17107.08741,12892.01951
288000,13011.49044,9233.162044,63232.0744,36993.326,42893.46344,20070.3921,149632.7215,119623.1923,30539.98073,14391.43622,4930.379755,84851.46757,11060.28885,12620.6888,8122.006324,36474.07097,17107.08741,12892.01952
289000,13011.67012,9233.162045,63242.74763,36993.49723,42895.28403,20070.3921,149654.7698,119625.2962,30539.98178,14393.20701,4930.379755,84922.44204,11060.28908,12620.69806,8122.006324,36477.95179,17107.08741,12892.01953
290000,13011.84805,9233.162045,63253.28499,36993.66624,42897.08942,20070.3921,149676.5738,119627.3773,30539.98279,14394.95531,4930.379755,84993.01696,11060.2893,12620.70698,8122.006324,36481.7643,17107.08741,12892.01953
291000,13012.02425,9233.162045,63263.6884,36993.83306,42898.87973,20070.3921,149698.1374,119629.4356,30539.98376,14396.68139,4930.379755,85063.19606,11060.28951,12620.71556,8122.006324,36485.5097,17107.08741,12892.01954
292000,13012.19874,9233.162046,63273.95977,36993.99772,42900.6551,20070.3921,149719.4643,119631.4716,30539.9847,14398.38554,4930.379755,85132.98301,11060.28971,12620.72383,8122.006324,36489.18918,17107.08741,12892.01955
293000,13012.37153,9233.162046,63284.10096,36994.16024,42902.41565,20070.3921,149740.558,119633.4854,30539.98561,14400.06804,4930.379755,85202.38148,11060.2899,12620.7318,8122.006324,36492.80389,17107.08741,12892.01955
294000,13012.54264,9233.162046,63294.11381,36994.32065,42904.16152,20070.3921,149761.4221,119635.4772,30539.98648,14401.72916,4930.379755,85271.39506,11060.29009,12620.73947,8122.006324,36496.35497,17107.08741,12892.01956
295000,13012.71208,9233.162047,63304.00015,36994.47899,42905.89283,20070.3921,149782.0602,119637.4474,30539.98733,14403.36918,4930.379755,85340.02732,11060.29026,12620.74686,8122.006324,36499.84354,17107.08741,12892.01956
296000,13012.87988,9233.162047,63313.76177,36994.63527,42907.60971,20070.3921,149802.4758,119639.3961,30539.98814,14404.98836,4930.379755,85408.28179,11060.29043,12620.75397,8122.006324,36503.27071,17107.08741,12892.01957
297000,13013.04604,9233.162047,63323.40042,36994.78952,42909.31228,20070.3921,149822.6721,119641.3236,30539.98893,14406.58696,4930.379755,85476.16195,11060.29059,12620.76082,8122.006324,36506.63755,17107.08741,12892.01957
298000,13013.21059,9233.162047,63332.91785,36994.94177,42911.00066,20070.3921,149842.6526,119643.2301,30539.98968,14408.16526,4930.379755,85543.67125,11060.29074,12620.76742,8122.006324,36509.94513,17107.08741,12892.01957
299000,13013.37354,9233.162048,63342.31578,36995.09205,42912.67497,20070.3921,149862.4206,119645.1158,30539.99041,14409.7235,4930.379755,85610.8131,11060.29088,12620.77378,8122.006324,36513.19448,17107.08741,12892.01958
300000,13013.5349,9233.162048,63351.59588,36995.24038,42914.33534,20070.3921,149881.9792,119646.981,30539.99112,14411.26194,4930.379755,85677.59088,11060.29102,12620.7799,8122.006324,36516.38664,17107.08741,12892.01958
301000,13013.6947,9233.162048,63360.75983,36995.38679,42915.98189,20070.3921,149901.3316,119648.8259,30539.99179,14412.78084,4930.379755,85744.0079,11060.29115,12620.7858,8122.006324,36519.52261,17107.08741,12892.01958
302000,13013.85294,9233.162048,63369.80926,36995.5313,42917.61472,20070.3921,149920.481,119650.6507,30539.99245,14414.28044,4930.379755,85810.06748,11060.29127,12620.79148,8122.006324,36522.60338,17107.08741,12892.01959
303000,13014.00965,9233.162048,63378.7458,36995.67393,42919.23397,20070.3921,149939.4305,119652.4556,30539.99308,14415.76098,4930.379755,85875.77288,11060.29139,12620.79695,8122.006324,36525.62992,17107.08741,12892.01959
304000,13014.16483,9233.162048,63387.57103,36995.81471,42920.83974,20070.3921,149958.183,119654.2408,30539.99369,14417.22271,4930.379755,85941.12731,11060.29151,12620.80221,8122.006324,36528.60319,17107.08741,12892.01959
305000,13014.3185,9233.162049,63396.28652,36995.95367,42922.43215,20070.3921,149976.7415,119656.0067,30539.99428,14418.66587,4930.379755,86006.13396,11060.29162,12620.80729,8122.006324,36531.52412,17107.08741,12892.0196
306000,13014.47069,9233.162049,63404.89383,36996.09083,42924.01131,20070.3921,149995.109,119657.7532,30539.99485,14420.0907,4930.379755,86070.796,11060.29172,12620.81217,8122.006324,36534.39364,17107.08741,12892.0196
307000,13014.62139,9233.162049,63413.39448,36996.22621,42925.57733,20070.3921,150013.2883,119659.4808,30539.99539,14421.49742,4930.379755,86135.11653,11060.29182,12620.81688,8122.006324,36537.21264,17107.08741,12892.0196
308000,13014.77063,9233.162049,63421.78996,36996.35983,42927.13034,20070.3921,150031.2822,119661.1896,30539.99592,14422.88627,4930.379755,86199.09864,11060.29191,12620.82141,8122.006324,36539.98203,17107.08741,12892.0196
309000,13014.91841,9233.162049,63430.08177,36996.49172,42928.67043,20070.3921,150049.0936,119662.8797,30539.99643,14424.25747,4930.379755,86262.74538,11060.29201,12620.82578,8122.006324,36542.70266,17107.08741,12892.0196
310000,13015.06477,9233.162049,63438.27135,36996.6219,42930.19772,20070.3921,150066.725,119664.5515,30539.99692,14425.61125,4930.379755,86326.05976,11060.29209,12620.82998,8122.006324,36545.37541,17107.08741,12892.01961
311000,13015.2097,9233.162049,63446.36016,36996.75039,42931.71231,20070.3921,150084.1793,119666.205,30539.99739,14426.94782,4930.379755,86389.04478,11060.29217,12620.83403,8122.006324,36548.00111,17107.08741,12892.01961
312000,13015.35322,9233.162049,63454.3496,36996.87722,42933.21431,20070.3921,150101.459,119667.8406,30539.99785,14428.26742,4930.379755,86451.70337,11060.29225,12620.83793,8122.006324,36550.58059,17107.08741,12892.01961
313000,13015.49535,9233.16205,63462.24107,36997.0024,42934.70384,20070.3921,150118.5668,119669.4583,30539.99829,14429.57025,4930.379755,86514.03845,11060.29233,12620.84168,8122.006324,36553.11467,17107.08741,12892.01961
314000,13015.6361,9233.16205,63470.03596,36997.12596,42936.18099,20070.3921,150135.5052,119671.0584,30539.99871,14430.85653,4930.379755,86576.05291,11060.2924,12620.8453,8122.006324,36555.60414,17107.08741,12892.01961
315000,13015.77548,9233.16205,63477.73561,36997.24791,42937.64587,20070.3921,150152.2767,119672.6411,30539.99912,14432.12646,4930.379755,86637.7496,11060.29247,12620.84878,8122.006324,36558.0498,17107.08741,12892.01961
316000,13015.91351,9233.16205,63485.34136,36997.36828,42939.09858,20070.3921,150168.8837,119674.2065,30539.99952,14433.38026,4930.379755,86699.13135,11060.29253,12620.85214,8122.006324,36560.4524,17107.08741,12892.01962
317000,13016.0502,9233.16205,63492.85454,36997.4871,42940.53922,20070.3921,150185.3288,119675.755,30539.9999,14434.61813,4930.379755,86760.20094,11060.29259,12620.85537,8122.006324,36562.81271,17107.08741,12892.01962
318000,13016.18556,9233.16205,63500.27644,36997.60437,42941.9679,20070.3921,150201.6142,119677.2865,30540.00027,14435.84027,4930.379755,86820.96113,11060.29265,12620.85848,8122.006324,36565.13147,17107.08741,12892.01962
319000,13016.31961,9233.16205,63507.60834,36997.72012,42943.38472,20070.3921,150217.7424,119678.8014,30540.00062,14437.04688,4930.379755,86881.41465,11060.29271,12620.86148,8122.006324,36567.40942,17107.08741,12892.01962
320000,13016.45235,9233.16205,63514.8515,36997.83437,42944.78978,20070.3921,150233.7156,119680.2998,30540.00096,14438.23816,4930.379755,86941.5642,11060.29276,12620.86437,8122.006324,36569.64727,17107.08741,12892.01962
321000,13016.58381,9233.16205,63522.00717,36997.94714,42946.18317,20070.3921,150249.5361,119681.7818,30540.00129,14439.41431,4930.379755,87001.41246,11060.29281,12620.86715,8122.006324,36571.84573,17107.08741,12892.01962
322000,13016.71399,9233.16205,63529.07657,36998.05845,42947.56499,20070.3921,150265.2061,119683.2478,30540.00161,14440.57551,4930.379755,87060.96205,11060.29286,12620.86983,8122.006324,36574.0055,17107.08741,12892.01962
323000,13016.84291,9233.16205,63536.06091,36998.16831,42948.93535,20070.3921,150280.7279,119684.6977,30540.00192,14441.72196,4930.379755,87120.2156,11060.29291,12620.8724,8122.006324,36576.12724,17107.08741,12892.01962
324000,13016.97057,9233.16205,63542.96138,36998.27675,42950.29433,20070.3921,150296.1035,119686.1319,30540.00222,14442.85384,4930.379755,87179.17568,11060.29296,12620.87489,8122.006324,36578.21164,17107.08741,12892.01962
325000,13017.097,9233.16205,63549.77915,36998.38378,42951.64204,20070.3921,150311.3351,119687.5505,30540.0025,14443.97134,4930.379755,87237.84485,11060.293,12620.87728,8122.006324,36580.25935,17107.08741,12892.01962
326000,13017.2222,9233.16205,63556.51538,36998.48943,42952.97856,20070.3921,150326.4249,119688.9536,30540.00278,14445.07464,4930.379755,87296.22563,11060.29304,12620.87958,8122.006324,36582.27101,17107.08741,12892.01962
327000,13017.34618,9233.16205,63563.1712,36998.5937,42954.304,20070.3921,150341.3747,119690.3414,30540.00304,14446.16393,4930.379755,87354.32053,11060.29308,12620.8818,8122.006324,36584.24727,17107.08741,12892.01963
328000,13017.46896,9233.16205,63569.74775,36998.69663,42955.61844,20070.3921,150356.1867,119691.7142,30540.0033,14447.23937,4930.379755,87412.13201,11060.29311,12620.88394,8122.006324,36586.18873,17107.08741,12892.01963
329000,13017.59055,9233.16205,63576.24612,36998.79822,42956.92197,20070.3921,150370.8628,119693.0719,30540.00354,14448.30115,4930.379755,87469.66252,11060.29315,12620.886,8122.006324,36588.09603,17107.08741,12892.01963
330000,13017.71095,9233.162051,63582.66741,36998.89849,42958.2147,20070.3921,150385.405,119694.4149,30540.00378,14449.34944,4930.379755,87526.91447,11060.29318,12620.88798,8122.006324,36589.96975,17107.08741,12892.01963
331000,13017.83019,9233.162051,63589.01268,36998.99746,42959.4967,20070.3921,150399.8153,119695.7433,30540.00401,14450.38441,4930.379755,87583.89027,11060.29322,12620.88989,8122.006324,36591.81048,17107.08741,12892.01963
332000,13017.94828,9233.162051,63595.28301,36999.09514,42960.76807,20070.3921,150414.0954,119697.0572,30540.00424,14451.40623,4930.379755,87640.59226,11060.29325,12620.89173,8122.006324,36593.61882,17107.08741,12892.01963
333000,13018.06521,9233.162051,63601.47944,36999.19156,42962.02889,20070.3921,150428.2472,119698.3568,30540.00445,14452.41506,4930.379755,87697.0228,11060.29328,12620.8935,8122.006324,36595.39533,17107.08741,12892.01963
334000,13018.18101,9233.162051,63607.60299,36999.28673,42963.27926,20070.3921,150442.2726,119699.6423,30540.00466,14453.41108,4930.379755,87753.18419,11060.2933,12620.8952,8122.006324,36597.14056,17107.08741,12892.01963
335000,13018.29569,9233.162051,63613.65467,36999.38067,42964.51926,20070.3921,150456.1734,119700.9138,30540.00485,14454.39445,4930.379755,87809.07872,11060.29333,12620.89685,8122.006324,36598.85508,17107.08741,12892.01963
336000,13018.40925,9233.162051,63619.63549,36999.47339,42965.74898,20070.3921,150469.9513,119702.1714,30540.00505,14455.36532,4930.379755,87864.70866,11060.29336,12620.89843,8122.006324,36600.53941,17107.08741,12892.01963
337000,13018.52172,9233.162051,63625.54644,36999.56491,42966.96851,20070.3921,150483.6081,119703.4153,30540.00523,14456.32385,4930.379755,87920.07625,11060.29338,12620.89995,8122.006324,36602.1941,17107.08741,12892.01963
338000,13018.63309,9233.162051,63631.38848,36999.65523,42968.17792,20070.3921,150497.1455,119704.6457,30540.00541,14457.2702,4930.379755,87975.1837,11060.2934,12620.90142,8122.006324,36603.81966,17107.08741,12892.01963
339000,13018.74338,9233.162051,63637.16256,36999.74439,42969.37731,20070.3921,150510.5651,119705.8627,30540.00558,14458.20454,4930.379755,88030.03319,11060.29343,12620.90283,8122.006324,36605.41661,17107.08741,12892.01963
340000,13018.8526,9233.162051,63642.86964,36999.83239,42970.56676,20070.3921,150523.8686,119707.0664,30540.00575,14459.127,4930.379755,88084.62691,11060.29345,12620.90419,8122.006324,36606.98545,17107.08741,12892.01963
341000,13018.96076,9233.162051,63648.51064,36999.91925,42971.74635,20070.3921,150537.0576,119708.257,30540.00591,14460.03774,4930.379755,88138.96699,11060.29347,12620.90551,8122.006324,36608.52667,17107.08741,12892.01963
342000,13019.06787,9233.162051,63654.08648,37000.00499,42972.91616,20070.3921,150550.1337,119709.4347,30540.00606,14460.9369,4930.379755,88193.05554,11060.29349,12620.90677,8122.006324,36610.04076,17107.08741,12892.01963
343000,13019.17394,9233.162051,63659.59805,37000.08961,42974.07627,20070.3921,150563.0986,119710.5995,30540.00621,14461.82465,4930.379755,88246.89468,11060.29351,12620.90798,8122.006324,36611.52821,17107.08741,12892.01963
344000,13019.27898,9233.162051,63665.04626,37000.17314,42975.22677,20070.3921,150575.9536,119711.7517,30540.00636,14462.70111,4930.379755,88300.48647,11060.29352,12620.90915,8122.006324,36612.98947,17107.08741,12892.01963
345000,13019.383,9233.162051,63670.43197,37000.25558,42976.36774,20070.3921,150588.7005,119712.8913,30540.00649,14463.56644,4930.379755,88353.83296,11060.29354,12620.91028,8122.006324,36614.425,17107.08741,12892.01963
346000,13019.48602,9233.162051,63675.75605,37000.33695,42977.49925,20070.3921,150601.3406,119714.0185,30540.00663,14464.42077,4930.379755,88406.93618,11060.29356,12620.91137,8122.006324,36615.83527,17107.08741,12892.01963
