netspend,sales,brand,crave
0,0,0,0
1000,16209,7211.53,7932.683
2000,31912,14396,15835.6
3000,47228,21555,23710.5
4000,62211,28699,31568.9
5000,76887,35818,39399.8
6000,91311,42909,47199.9
7000,105467,49988,54986.8
8000,119397,57026,62728.6
9000,133087,64064,70470.4
10000,146577,71062,78168.2
11000,159840,78047,85851.7
12000,172903,85005,93505.5
13000,185754,91950,101145
14000,198417,98869,108755.9
15000,210894,105760,116336
16000,223184,112639,123902.9
17000,235301,119490,131439
18000,247245,126315,138946.5
19000,259002,133127,146439.7
20000,270612,139925,153917.5
21000,282049,146697,161366.7
22000,293327,153442,168786.2
23000,304457,160173,176190.3
24000,315441,166878,183565.8
25000,326278,173557,190912.7
26000,336969,180235,198258.5
27000,347526,186873,205560.3
28000,357937,193498,212847.8
29000,368228,200110,220121
30000,378385,206695,227364.5
31000,388410,213267,234593.7
32000,398327,219812,241793.2
33000,408111,226343,248977.3
34000,417789,232848,256132.8
35000,427346,239340,263274
36000,436797,245805,270385.5
37000,446142,252257,277482.7
38000,455379,258695,284564.5
39000,464511,265107,291617.7
40000,473548,271505,298655.5
41000,482479,277877,305664.7
42000,491317,284236,312659.6
43000,500062,290581,319639.1
44000,508713,296899,326588.9
45000,517271,303204,333524.4
46000,525749,309483,340431.3
47000,534133,315748,347322.8
48000,542438,321999,354198.9
49000,550662,328225,361047.5
50000,558807,334436,367879.6
51000,566872,340635,374698.5
52000,574870,346807,381487.7
53000,582774,352965,388261.5
54000,590626,359110,395021
55000,598397,365242,401766.2
56000,606088,371347,408481.7
57000,613727,377439,415182.9
58000,621285,383504,421854.4
59000,628789,389569,428525.9
60000,636214,395608,435168.8
61000,643586,401633,441796.3
62000,650904,407631,448394.1
63000,658155,413617,454978.7
64000,665340,419588,461546.8
65000,672472,425547,468101.7
66000,679550,431492,474641.2
67000,686575,437411,481152.1
68000,693533,443316,487647.6
69000,700452,449208,494128.8
70000,707303,455086,500594.6
71000,714115,460938,507031.8
72000,720873,466790,513469
73000,727578,472615,519876.5
74000,734243,478427,526269.7
75000,740855,484226,532648.6
76000,747413,489997,538996.7
77000,753945,495769,545345.9
78000,760410,501515,551666.5
79000,766848,507246,557970.6
80000,773233,512965,564261.5
81000,779578,518670,570537
82000,785883,524349,576783.9
83000,792149,530027,583029.7
84000,798360,535679,589246.9
85000,804545,541331,595464.1
86000,810691,546957,601652.7
87000,816796,552568,607824.8
88000,822861,558167,613983.7
89000,828886,563752,620127.2
90000,834885,569311,626242.1
91000,840843,574870,632357
92000,846762,580415,638456.5
93000,852653,585933,644526.3
94000,858505,591439,650582.9
95000,864331,596944,656638.4
96000,870116,602423,662665.3
97000,875874,607888,668676.8
98000,881593,613340,674674
99000,887285,618779,680656.9
100000,892937,624204,686624.4
101000,898575,629616,692577.6
102000,904174,635015,698516.5
103000,909746,640400,704440
104000,915278,645772,710349.2
105000,920796,651131,716244.1
106000,926275,656476,722123.6
107000,931727,661808,727988.8
108000,937166,667113,733824.3
109000,942564,672419,739660.9
110000,947936,677711,745482.1
111000,953282,682989,751287.9
112000,958600,688255,757080.5
113000,963906,693493,762842.3
114000,969171,698732,768605.2
115000,974410,703957,774352.7
116000,979635,709169,780085.9
117000,984834,714368,785804.8
118000,990006,719553,791508.3
119000,995151,724725,797197.5
120000,1000270,729884,802872.4
121000,1005375,735030,808533
122000,1010454,740162,814178.2
123000,1015506,745280,819808
124000,1020545,750386,825424.6
125000,1025544,755478,831025.8
126000,1030542,760570,836627
127000,1035501,765635,842198.5
128000,1040446,770687,847755.7
129000,1045379,775739,853312.9
130000,1050284,780765,858841.5
131000,1055163,785790,864369
132000,1060028,790802,869882.2
133000,1064867,795801,875381.1
134000,1069693,800786,880864.6
135000,1074491,805759,886334.9
136000,1079277,810717,891788.7
137000,1084036,815663,897229.3
138000,1088781,820608,902668.8
139000,1093513,825527,908079.7
140000,1098219,830446,913490.6
141000,1102911,835338,918871.8
142000,1107576,840230,924253
143000,1112229,845109,929619.9
144000,1116854,849974,934971.4
145000,1121480,854826,940308.6
146000,1126078,859678,945645.8
147000,1130651,864504,950954.4
148000,1135223,869329,956261.9
149000,1139768,874141,961555.1
150000,1144287,878940,966834
151000,1148806,883726,972098.6
152000,1153298,888498,977347.8
153000,1157777,893257,982582.7
154000,1162243,898015,987816.5
155000,1166682,902761,993037.1
156000,1171120,907493,998242.3
157000,1175533,912212,1003433.2
158000,1179932,916917,1008608.7
159000,1184317,921610,1013771
160000,1188676,926302,1018932.2
161000,1193035,930981,1024079.1
162000,1197367,935646,1029210.6
163000,1201686,940298,1034327.8
164000,1205992,944937,1039430.7
165000,1210284,949576,1044533.6
166000,1214563,954201,1049621.1
167000,1218815,958814,1054695.4
168000,1223067,963412,1059753.2
169000,1227293,967998,1064797.8
170000,1231519,972583,1069841.3
171000,1235718,977156,1074871.6
172000,1239903,981715,1079886.5
173000,1244089,986260,1084886
174000,1248248,990792,1089871.2
175000,1252393,995324,1094856.4
176000,1256526,999843,1099827.3
177000,1260645,1004349,1104783.9
178000,1264750,1008854,1109739.4
179000,1268843,1013333,1114666.3
180000,1272922,1017812,1119593.2
181000,1276987,1022278,1124505.8
182000,1281040,1026743,1129417.3
183000,1285079,1031182,1134300.2
184000,1289118,1035621,1139183.1
185000,1293130,1040047,1144051.7
186000,1297129,1044472,1148919.2
187000,1301115,1048871,1153758.1
188000,1305087,1053270,1158597
189000,1309059,1057656,1163421.6
190000,1313005,1062041,1168245.1
191000,1316951,1066413,1173054.3
192000,1320870,1070772,1177849.2
193000,1324789,1075118,1182629.8
194000,1328681,1079463,1187409.3
195000,1332573,1083782,1192160.2
196000,1336452,1088101,1196911.1
197000,1340318,1092420,1201662
198000,1344171,1096726,1206398.6
199000,1348010,1101018,1211119.8
200000,1351849,1105297,1215826.7
201000,1355661,1109563,1220519.3
202000,1359473,1113828,1225210.8
203000,1363272,1118080,1229888
204000,1367045,1122333,1234566.3
205000,1370817,1126572,1239229.2
206000,1374590,1130797,1243876.7
207000,1378335,1135010,1248511
208000,1382068,1139222,1253144.2
209000,1385800,1143421,1257763.1
210000,1389519,1147606,1262366.6
211000,1393225,1151792,1266971.2
212000,1396917,1155964,1271560.4
213000,1400596,1160123,1276135.3
214000,1404276,1164282,1280710.2
215000,1407941,1168428,1285270.8
216000,1411594,1172560,1289816
217000,1415233,1176692,1294361.2
218000,1418859,1180811,1298892.1
219000,1422484,1184917,1303408.7
220000,1426097,1189023,1307925.3
221000,1429696,1193115,1312426.5
222000,1433282,1197194,1316913.4
223000,1436854,1201273,1321400.3
224000,1440426,1205339,1325872.9
225000,1443986,1209391,1330330.1
226000,1447531,1213443,1334787.3
227000,1451064,1217482,1339230.2
228000,1454596,1221508,1343658.8
229000,1458115,1225534,1348087.4
230000,1461621,1229546,1352500.6
231000,1465127,1233558,1356913.8
232000,1468606,1237557,1361312.7
233000,1472085,1241543,1365697.3
234000,1475551,1245529,1370081.9
235000,1479017,1249501,1374451.1
236000,1482469,1253460,1378806
237000,1485908,1257419,1383160.9
238000,1489334,1261365,1387501.5
239000,1492760,1265297,1391826.7
240000,1496173,1269229,1396151.9
241000,1499572,1273162,1400478.2
242000,1502958,1277067,1404773.7
243000,1506343,1280973,1409070.3
244000,1509716,1284879,1413366.9
245000,1513088,1288771,1417648.1
246000,1516447,1292650,1421915
247000,1519793,1296516,1426167.6
248000,1523126,1300381,1430419.1
249000,1526458,1304247,1434671.7
250000,1529777,1308100,1438910
251000,1533083,1311939,1443132.9
252000,1536389,1315778,1447355.8
253000,1539682,1319603,1451563.3
254000,1542961,1323416,1455757.6
255000,1546240,1327228,1459950.8
256000,1549506,1331027,1464129.7
257000,1552758,1334826,1468308.6
258000,1556011,1338612,1472473.2
259000,1559250,1342384,1476622.4
260000,1562489,1346157,1480772.7
261000,1565702,1349929,1484921.9
262000,1568914,1353675,1489042.5
263000,1572127,1357434,1493177.4
264000,1575326,1361166,1497282.6
265000,1578512,1364899,1501388.9
266000,1581698,1368631,1505494.1
267000,1584870,1372350,1509585
268000,1588030,1376056,1513661.6
269000,1591189,1379762,1517738.2
270000,1594335,1383454,1521799.4
271000,1597481,1387146,1525860.6
272000,1600613,1390826,1529908.6
273000,1603732,1394491,1533940.1
274000,1606852,1398157,1537972.7
275000,1609957,1401823,1542005.3
276000,1613050,1405475,1546022.5
277000,1616143,1409114,1550025.4
278000,1619222,1412753,1554028.3
279000,1622301,1416379,1558016.9
280000,1625367,1420005,1562005.5
281000,1628433,1423617,1565978.7
282000,1631485,1427216,1569937.6
283000,1634525,1430816,1573897.6
284000,1637564,1434415,1577856.5
285000,1640590,1438000,1581800
286000,1643616,1441573,1585730.3
287000,1646628,1445145,1589659.5
288000,1649627,1448718,1593589.8
289000,1652627,1452264,1597490.4
290000,1655613,1455823,1601405.3
291000,1658599,1459355,1605290.5
292000,1661571,1462901,1609191.1
293000,1664544,1466420,1613062
294000,1667503,1469952,1616947.2
295000,1670462,1473458,1620803.8
296000,1673395,1476964,1624660.4
297000,1676341,1480470,1628517
298000,1679273,1483962,1632358.2
299000,1682193,1487455,1636200.5
300000,1685112,1490934,1640027.4
301000,1688018,1494400,1643840
302000,1690924,1497865,1647651.5
303000,1693816,1501331,1651464.1
304000,1696709,1504784,1655262.4
305000,1699588,1508223,1659045.3
306000,1702454,1511662,1662828.2
307000,1705320,1515101,1666611.1
308000,1708186,1518527,1670379.7
309000,1711039,1521939,1674132.9
310000,1713878,1525352,1677887.2
311000,1716717,1528764,1681640.4
312000,1719543,1532164,1685380.4
313000,1722369,1535549,1689103.9
314000,1725195,1538935,1692828.5
315000,1728008,1542321,1696553.1
316000,1730807,1545693,1700262.3
317000,1733606,1549053,1703958.3
318000,1736392,1552425,1707667.5
319000,1739178,1555771,1711348.1
320000,1741951,1559117,1715028.7
321000,1744724,1562463,1718709.3
322000,1747483,1565795,1722374.5
323000,1750242,1569114,1726025.4
324000,1752988,1572433,1729676.3
325000,1755734,1575753,1733328.3
326000,1758467,1579058,1736963.8
327000,1761200,1582364,1740600.4
328000,1763932,1585657,1744222.7
329000,1766638,1588949,1747843.9
330000,1769358,1592229,1751451.9
331000,1772064,1595508,1755058.8
332000,1774756,1598774,1758651.4
333000,1777449,1602039,1762242.9
334000,1780128,1605292,1765821.2
335000,1782808,1608544,1769398.4
336000,1785487,1611797,1772976.7
337000,1788153,1615036,1776539.6
338000,1790806,1618262,1780088.2
339000,1793458,1621488,1783636.8
340000,1796111,1624714,1787185.4
341000,1798750,1627926,1790718.6
342000,1801390,1631139,1794252.9
343000,1804016,1634338,1797771.8
344000,1806642,1637537,1801290.7
345000,1809254,1640723,1804795.3
346000,1811867,1643909,1808299.9
347000,1814466,1647081,1811789.1
348000,1817066,1650254,1815279.4
349000,1819652,1653427,1818769.7
350000,1822238,1656586,1822244.6
351000,1824824,1659732,1825705.2
352000,1827396,1662878,1829165.8
353000,1829969,1666023,1832625.3
354000,1832528,1669156,1836071.6
355000,1835088,1672288,1839516.8
356000,1837634,1675408,1842948.8
357000,1840180,1678527,1846379.7
358000,1842713,1681646,1849810.6
359000,1845245,1684752,1853227.2
360000,1847778,1687845,1856629.5
361000,1850297,1690950,1860045
362000,1852803,1694030,1863433
363000,1855323,1697122,1866834.2
364000,1857815,1700188,1870206.8
365000,1860321,1703267,1873593.7
366000,1862814,1706333,1876966.3
367000,1865294,1709386,1880324.6
368000,1867773,1712452,1883697.2
369000,1870252,1715491,1887040.1
370000,1872718,1718544,1890398.4
371000,1875184,1721570,1893727
372000,1877650,1724609,1897069.9
373000,1880103,1727635,1900398.5
374000,1882543,1730647,1903711.7
375000,1884982,1733673,1907040.3
376000,1887421,1736672,1910339.2
377000,1889847,1739685,1913653.5
378000,1892273,1742684,1916952.4
379000,1894700,1745670,1920237
380000,1897112,1748656,1923521.6
381000,1899525,1751642,1926806.2
382000,1901924,1754615,1930076.5
383000,1904324,1757587,1933345.7
384000,1906710,1760546,1936600.6
385000,1909096,1763506,1939856.6
386000,1911482,1766465,1943111.5
387000,1913855,1769411,1946352.1
388000,1916227,1772357,1949592.7
389000,1918600,1775289,1952817.9
390000,1920960,1778222,1956044.2
391000,1923306,1781155,1959270.5
392000,1925665,1784074,1962481.4
393000,1928011,1786993,1965692.3
394000,1930344,1789899,1968888.9
395000,1932677,1792805,1972085.5
396000,1935009,1795711,1975282.1
397000,1937329,1798604,1978464.4
398000,1939648,1801496,1981645.6
399000,1941968,1804375,1984812.5
400000,1944274,1807255,1987980.5
401000,1946580,1810134,1991147.4
402000,1948873,1813000,1994300
403000,1951165,1815866,1997452.6
404000,1953458,1818719,2000590.9
405000,1955738,1821571,2003728.1
406000,1958017,1824424,2006866.4
407000,1960296,1827263,2009989.3
408000,1962563,1830102,2013112.2
409000,1964829,1832928,2016220.8
410000,1967081,1835754,2019329.4
411000,1969348,1838580,2022438
412000,1971587,1841393,2025532.3
413000,1973840,1844206,2028626.6
414000,1976079,1847018,2031719.8
415000,1978305,1849817,2034798.7
416000,1980531,1852617,2037878.7
417000,1982758,1855403,2040943.3
418000,1984984,1858189,2044007.9
419000,1987196,1860975,2047072.5
420000,1989409,1863747,2050121.7
421000,1991609,1866520,2053172
422000,1993808,1869293,2056222.3
423000,1996008,1872052,2059257.2
424000,1998194,1874811,2062292.1
425000,2000380,1877557,2065312.7
426000,2002566,1880303,2068333.3
427000,2004739,1883049,2071353.9
428000,2006911,1885782,2074360.2
429000,2009084,1888514,2077365.4
430000,2011244,1891247,2080371.7
431000,2013403,1893966,2083362.6
432000,2015563,1896686,2086354.6
433000,2017709,1899392,2089331.2
434000,2019855,1902098,2092307.8
435000,2021988,1904804,2095284.4
436000,2024134,1907496,2098245.6
437000,2026267,1910189,2101207.9
438000,2028386,1912882,2104170.2
439000,2030506,1915561,2107117.1
440000,2032625,1918240,2110064
441000,2034745,1920920,2113012
442000,2036851,1923586,2115944.6
443000,2038957,1926252,2118877.2
444000,2041050,1928904,2121794.4
445000,2043142,1931570,2124727
446000,2045235,1934210,2127631
447000,2047328,1936862,2130548.2
448000,2049408,1939502,2133452.2
449000,2051487,1942141,2136355.1
450000,2053553,1944767,2139243.7
451000,2055619,1947393,2142132.3
452000,2057685,1950019,2145020.9
453000,2059752,1952632,2147895.2
454000,2061804,1955244,2150768.4
455000,2063857,1957857,2153642.7
456000,2065910,1960456,2156501.6
457000,2067950,1963056,2159361.6
458000,2069989,1965655,2162220.5
459000,2072015,1968241,2165065.1
460000,2074055,1970827,2167909.7
461000,2076081,1973413,2170754.3
462000,2078094,1975986,2173584.6
463000,2080120,1978559,2176414.9
464000,2082133,1981131,2179244.1
465000,2084132,1983691,2182060.1
466000,2086145,1986250,2184875
467000,2088145,1988796,2187675.6
468000,2090144,1991355,2190490.5
469000,2092130,1993888,2193276.8
470000,2094116,1996434,2196077.4
471000,2096103,1998967,2198863.7
472000,2098089,2001500,2201650
473000,2100062,2004032,2204435.2
474000,2102034,2006552,2207207.2
475000,2104007,2009071,2209978.1
476000,2105967,2011590,2212749
477000,2107926,2014096,2215505.6
478000,2109886,2016602,2218262.2
479000,2111832,2019095,2221004.5
480000,2113778,2021601,2223761.1
481000,2115724,2024094,2226503.4
482000,2117670,2026573,2229230.3
483000,2119603,2029066,2231972.6
484000,2121536,2031532,2234685.2
485000,2123469,2034011,2237412.1
486000,2125389,2036477,2240124.7
487000,2127308,2038957,2242852.7
488000,2129228,2041410,2245551
489000,2131134,2043876,2248263.6
490000,2133040,2046328,2250960.8
491000,2134946,2048768,2253644.8
492000,2136852,2051220,2256342
493000,2138745,2053660,2259026
494000,2140638,2056099,2261708.9
495000,2142531,2058525,2264377.5
496000,2144410,2060951,2267046.1
497000,2146303,2063377,2269714.7
498000,2148169,2065803,2272383.3
499000,2150049,2068216,2275037.6
500000,2151915,2070629,2277691.9
501000,2153781,2073028,2280330.8
502000,2155648,2075441,2282985.1
503000,2157514,2077840,2285624
504000,2159367,2080226,2288248.6
505000,2161220,2082626,2290888.6
506000,2163059,2085012,2293513.2
507000,2164912,2087398,2296137.8
508000,2166752,2089771,2298748.1
509000,2168578,2092144,2301358.4
510000,2170417,2094516,2303967.6
511000,2172243,2096876,2306563.6
512000,2174070,2099248,2309172.8
513000,2175896,2101608,2311768.8
514000,2177709,2103954,2314349.4
515000,2179522,2106313,2316944.3
516000,2181335,2108659,2319524.9
517000,2183147,2110992,2322091.2
518000,2184947,2113338,2324671.8
519000,2186747,2115671,2327238.1
520000,2188546,2118004,2329804.4
521000,2190346,2120323,2332355.3
522000,2192132,2122643,2334907.3
523000,2193918,2124962,2337458.2
524000,2195704,2127281,2340009.1
525000,2197477,2129587,2342545.7
526000,2199250,2131894,2345083.4
527000,2201023,2134200,2347620
528000,2202796,2136506,2350156.6
529000,2204555,2138799,2352678.9
530000,2206328,2141091,2355200.1
531000,2208075,2143371,2357708.1
532000,2209834,2145663,2360229.3
533000,2211580,2147943,2362737.3
534000,2213340,2150209,2365229.9
535000,2215073,2152488,2367736.8
536000,2216819,2154755,2370230.5
537000,2218552,2157021,2372723.1
538000,2220285,2159273,2375200.3
539000,2222018,2161539,2377692.9
540000,2223751,2163792,2380171.2
541000,2225470,2166032,2382635.2
542000,2227190,2168284,2385112.4
543000,2228909,2170524,2387576.4
544000,2230629,2172763,2390039.3
545000,2232335,2174989,2392487.9
546000,2234041,2177229,2394951.9
547000,2235748,2179455,2397400.5
548000,2237454,2181668,2399834.8
549000,2239147,2183894,2402283.4
550000,2240840,2186107,2404717.7
551000,2242533,2188319,2407150.9
552000,2244212,2190532,2409585.2
553000,2245905,2192732,2412005.2
554000,2247585,2194931,2414424.1
555000,2249264,2197131,2416844.1
556000,2250930,2199317,2419248.7
557000,2252610,2201516,2421667.6
558000,2254276,2203702,2424072.2
559000,2255943,2205875,2426462.5
560000,2257595,2208061,2428867.1
561000,2259262,2210234,2431257.4
562000,2260915,2212407,2433647.7
563000,2262568,2214566,2436022.6
564000,2264207,2216739,2438412.9
565000,2265860,2218898,2440787.8
566000,2267500,2221058,2443163.8
567000,2269139,2223204,2445524.4
568000,2270779,2225350,2447885
569000,2272405,2227496,2450245.6
570000,2274045,2229642,2452606.2
571000,2275671,2231789,2454967.9
572000,2277284,2233921,2457313.1
573000,2278910,2236054,2459659.4
574000,2280523,2238174,2461991.4
575000,2282136,2240306,2464336.6
576000,2283749,2242426,2466668.6
577000,2285362,2244545,2468999.5
578000,2286961,2246652,2471317.2
579000,2288574,2248771,2473648.1
580000,2290161,2250877,2475964.7
581000,2291760,2252983,2478281.3
582000,2293360,2255076,2480583.6
583000,2294946,2257182,2482900.2
584000,2296532,2259275,2485202.5
585000,2298119,2261368,2487504.8
586000,2299692,2263447,2489791.7
587000,2301278,2265527,2492079.7
588000,2302851,2267606,2494366.6
589000,2304424,2269686,2496654.6
590000,2305997,2271765,2498941.5
591000,2307556,2273831,2501214.1
592000,2309116,2275898,2503487.8
593000,2310676,2277964,2505760.4
594000,2312235,2280017,2508018.7
595000,2313795,2282069,2510275.9
596000,2315341,2284122,2512534.2
597000,2316887,2286175,2514792.5
598000,2318434,2288228,2517050.8
599000,2319980,2290267,2519293.7
600000,2321513,2292307,2521537.7
601000,2323059,2294346,2523780.6
602000,2324592,2296372,2526009.2
603000,2326125,2298399,2528238.9
604000,2327645,2300425,2530467.5
605000,2329178,2302451,2532696.1
606000,2330697,2304477,2534924.7
607000,2332217,2306490,2537139
608000,2333736,2308503,2539353.3
609000,2335243,2310516,2541567.6
610000,2336749,2312515,2543766.5
611000,2338269,2314515,2545966.5
612000,2339775,2316514,2548165.4
613000,2341268,2318514,2550365.4
614000,2342774,2320513,2552564.3
615000,2344267,2322499,2554748.9
616000,2345760,2324485,2556933.5
617000,2347253,2326472,2559119.2
618000,2348746,2328458,2561303.8
619000,2350226,2330431,2563474.1
620000,2351705,2332403,2565643.3
621000,2353198,2334376,2567813.6
622000,2354665,2336336,2569969.6
623000,2356144,2338309,2572139.9
624000,2357610,2340268,2574294.8
625000,2359090,2342228,2576450.8
626000,2360556,2344174,2578591.4
627000,2362023,2346133,2580746.3
628000,2363476,2348080,2582888
629000,2364942,2350026,2585028.6
630000,2366395,2351972,2587169.2
631000,2367848,2353905,2589295.5
632000,2369301,2355851,2591436.1
633000,2370741,2357784,2593562.4
634000,2372193,2359703,2595673.3
635000,2373633,2361636,2597799.6
636000,2375073,2363556,2599911.6
637000,2376512,2365475,2602022.5
638000,2377939,2367395,2604134.5
639000,2379378,2369314,2606245.4
640000,2380805,2371220,2608342
641000,2382231,2373127,2610439.7
642000,2383657,2375033,2612536.3
643000,2385084,2376939,2614632.9
644000,2386497,2378832,2616715.2
645000,2387910,2380738,2618811.8
646000,2389323,2382631,2620894.1
647000,2390736,2384524,2622976.4
648000,2392148,2386403,2625043.3
649000,2393548,2388283,2627111.3
650000,2394961,2390176,2629193.6
651000,2396361,2392042,2631246.2
652000,2397760,2393921,2633313.1
653000,2399147,2395801,2635381.1
654000,2400546,2397667,2637433.7
655000,2401933,2399533,2639486.3
656000,2403319,2401400,2641540
657000,2404705,2403252,2643577.2
658000,2406092,2405105,2645615.5
659000,2407478,2406971,2647668.1
660000,2408851,2408811,2649692.1
661000,2410224,2410664,2651730.4
662000,2411597,2412517,2653768.7
663000,2412970,2414356,2655791.6
664000,2414343,2416196,2657815.6
665000,2415703,2418035,2659838.5
666000,2417062,2419862,2661848.2
667000,2418422,2421701,2663871.1
668000,2419782,2423527,2665879.7
669000,2421141,2425354,2667889.4
670000,2422501,2427166,2669882.6
671000,2423847,2428993,2671892.3
672000,2425194,2430805,2673885.5
673000,2426540,2432618,2675879.8
674000,2427886,2434431,2677874.1
675000,2429233,2436244,2679868.4
676000,2430566,2438044,2681848.4
677000,2431899,2439843,2683827.3
678000,2433232,2441643,2685807.3
679000,2434565,2443442,2687786.2
680000,2435898,2445242,2689766.2
681000,2437231,2447028,2691730.8
682000,2438550,2448814,2693695.4
683000,2439870,2450601,2695661.1
684000,2441190,2452387,2697625.7
685000,2442509,2454160,2699576
686000,2443829,2455946,2701540.6
687000,2445135,2457719,2703490.9
688000,2446442,2459492,2705441.2
689000,2447761,2461251,2707376.1
690000,2449068,2463024,2709326.4
691000,2450361,2464784,2711262.4
692000,2451667,2466543,2713197.3
693000,2452960,2468303,2715133.3
694000,2454266,2470049,2717053.9
695000,2455559,2471809,2718989.9
696000,2456852,2473555,2720910.5
697000,2458132,2475301,2722831.1
698000,2459425,2477047,2724751.7
699000,2460705,2478793,2726672.3
700000,2461998,2480526,2728578.6
701000,2463277,2482259,2730484.9
702000,2464557,2483992,2732391.2
703000,2465823,2485725,2734297.5
704000,2467103,2487458,2736203.8
705000,2468369,2489178,2738095.8
706000,2469649,2490897,2739986.7
707000,2470915,2492617,2741878.7
708000,2472168,2494336,2743769.6
709000,2473435,2496056,2745661.6
710000,2474701,2497762,2747538.2
711000,2475954,2499468,2749414.8
712000,2477207,2501175,2751292.5
713000,2478460,2502881,2753169.1
714000,2479713,2504587,2755045.7
715000,2480966,2506280,2756908
716000,2482219,2507973,2758770.3
717000,2483459,2509666,2760632.6
718000,2484699,2511359,2762494.9
719000,2485938,2513052,2764357.2
720000,2487178,2514731,2766204.1
721000,2488418,2516411,2768052.1
722000,2489644,2518090,2769899
723000,2490884,2519770,2771747
724000,2492110,2521449,2773593.9
725000,2493337,2523116,2775427.6
726000,2494563,2524795,2777274.5
727000,2495789,2526462,2779108.2
728000,2497016,2528114,2780925.4
729000,2498229,2529781,2782759.1
730000,2499442,2531447,2784591.7
731000,2500655,2533100,2786410
732000,2501868,2534753,2788228.3
733000,2503081,2536406,2790046.6
734000,2504294,2538059,2791864.9
735000,2505493,2539698,2793667.8
736000,2506707,2541351,2795486.1
737000,2507906,2542991,2797290.1
738000,2509106,2544630,2799093
739000,2510306,2546257,2800882.7
740000,2511505,2547896,2802685.6
741000,2512692,2549522,2804474.2
742000,2513878,2551162,2806278.2
743000,2515078,2552788,2808066.8
744000,2516264,2554415,2809856.5
745000,2517450,2556028,2811630.8
746000,2518637,2557654,2813419.4
747000,2519810,2559267,2815193.7
748000,2520996,2560880,2816968
749000,2522169,2562493,2818742.3
750000,2523342,2564105,2820515.5
751000,2524515,2565705,2822275.5
752000,2525688,2567318,2824049.8
753000,2526861,2568918,2825809.8
754000,2528021,2570517,2827568.7
755000,2529194,2572117,2829328.7
756000,2530354,2573703,2831073.3
757000,2531514,2575303,2832833.3
758000,2532673,2576889,2834577.9
759000,2533833,2578475,2836322.5
760000,2534993,2580061,2838067.1
761000,2536139,2581648,2839812.8
762000,2537299,2583221,2841543.1
763000,2538445,2584794,2843273.4
764000,2539592,2586380,2845018
765000,2540738,2587953,2846748.3
766000,2541884,2589512,2848463.2
767000,2543017,2591085,2850193.5
768000,2544164,2592658,2851923.8
769000,2545297,2594218,2853639.8
770000,2546430,2595778,2855355.8
771000,2547563,2597337,2857070.7
772000,2548696,2598897,2858786.7
773000,2549829,2600443,2860487.3
774000,2550962,2602003,2862203.3
775000,2552082,2603549,2863903.9
776000,2553202,2605095,2865604.5
777000,2554335,2606642,2867306.2
778000,2555454,2608188,2869006.8
779000,2556574,2609721,2870693.1
780000,2557680,2611254,2872379.4
781000,2558800,2612800,2874080
782000,2559907,2614333,2875766.3
783000,2561026,2615853,2877438.3
784000,2562133,2617385,2879123.5
785000,2563239,2618918,2880809.8
786000,2564345,2620438,2882481.8
787000,2565452,2621958,2884153.8
788000,2566545,2623477,2885824.7
789000,2567651,2624997,2887496.7
790000,2568744,2626503,2889153.3
791000,2569837,2628023,2890825.3
792000,2570930,2629529,2892481.9
793000,2572024,2631035,2894138.5
794000,2573117,2632542,2895796.2
795000,2574210,2634048,2897452.8
796000,2575289,2635554,2899109.4
797000,2576382,2637047,2900751.7
798000,2577462,2638540,2902394
799000,2578542,2640046,2904050.6
800000,2579622,2641526,2905678.6
801000,2580701,2643019,2907320.9
802000,2581768,2644512,2908963.2
803000,2582847,2645992,2910591.2
804000,2583914,2647485,2912233.5
805000,2584994,2648964,2913860.4
806000,2586060,2650444,2915488.4
807000,2587126,2651910,2917101
808000,2588193,2653390,2918729
809000,2589259,2654856,2920341.6
810000,2590312,2656336,2921969.6
811000,2591379,2657802,2923582.2
812000,2592432,2659268,2925194.8
813000,2593485,2660735,2926808.5
814000,2594538,2662188,2928406.8
815000,2595591,2663654,2930019.4
816000,2596644,2665107,2931617.7
817000,2597697,2666560,2933216
818000,2598737,2668013,2934814.3
819000,2599790,2669466,2936412.6
820000,2600830,2670919,2938010.9
821000,2601869,2672358,2939593.8
822000,2602909,2673811,2941192.1
823000,2603949,2675251,2942776.1
824000,2604989,2676691,2944360.1
825000,2606028,2678130,2945943
826000,2607055,2679557,2947512.7
827000,2608094,2680996,2949095.6
828000,2609121,2682423,2950665.3
829000,2610147,2683849,2952233.9
830000,2611174,2685275,2953802.5
831000,2612200,2686701,2955371.1
832000,2613227,2688128,2956940.8
833000,2614240,2689554,2958509.4
834000,2615266,2690967,2960063.7
835000,2616279,2692380,2961618
836000,2617292,2693806,2963186.6
837000,2618319,2695206,2964726.6
838000,2619332,2696619,2966280.9
839000,2620331,2698032,2967835.2
840000,2621345,2699432,2969375.2
841000,2622358,2700845,2970929.5
842000,2623357,2702244,2972468.4
843000,2624370,2703644,2974008.4
844000,2625370,2705044,2975548.4
845000,2626370,2706443,2977087.3
846000,2627370,2707830,2978613
847000,2628369,2709229,2980151.9
848000,2629369,2710616,2981677.6
849000,2630356,2712002,2983202.2
850000,2631355,2713388,2984726.8
851000,2632342,2714774,2986251.4
852000,2633328,2716147,2987761.7
853000,2634315,2717534,2989287.4
854000,2635314,2718907,2990797.7
855000,2636287,2720280,2992308
856000,2637274,2721666,2993832.6
857000,2638260,2723026,2995328.6
858000,2639233,2724399,2996838.9
859000,2640220,2725772,2998349.2
860000,2641193,2727131,2999844.1
861000,2642166,2728504,3001354.4
862000,2643139,2729864,3002850.4
863000,2644112,2731224,3004346.4
864000,2645085,2732583,3005841.3
865000,2646058,2733930,3007323
866000,2647018,2735289,3008817.9
867000,2647991,2736636,3010299.6
868000,2648951,2737982,3011780.2
869000,2649911,2739342,3013276.2
870000,2650870,2740688,3014756.8
871000,2651830,2742021,3016223.1
872000,2652790,2743367,3017703.7
873000,2653750,2744714,3019185.4
874000,2654709,2746047,3020651.7
875000,2655656,2747380,3022118
876000,2656616,2748713,3023584.3
877000,2657562,2750046,3025050.6
878000,2658509,2751379,3026516.9
879000,2659455,2752712,3027983.2
880000,2660401,2754031,3029434.1
881000,2661348,2755364,3030900.4
882000,2662294,2756684,3032352.4
883000,2663227,2758004,3033804.4
884000,2664174,2759323,3035255.3
885000,2665107,2760643,3036707.3
886000,2666040,2761949,3038143.9
887000,2666973,2763269,3039595.9
888000,2667906,2764575,3041032.5
889000,2668839,2765882,3042470.2
890000,2669772,2767201,3043921.1
891000,2670705,2768494,3045343.4
892000,2671625,2769801,3046781.1
893000,2672558,2771107,3048217.7
894000,2673478,2772400,3049640
895000,2674398,2773706,3051076.6
896000,2675331,2774999,3052498.9
897000,2676251,2776292,3053921.2
898000,2677157,2777585,3055343.5
899000,2678077,2778878,3056765.8
900000,2678997,2780171,3058188.1
901000,2679903,2781451,3059596.1
902000,2680823,2782744,3061018.4
903000,2681729,2784024,3062426.4
904000,2682649,2785304,3063834.4
905000,2683556,2786583,3065241.3
906000,2684462,2787863,3066649.3
907000,2685368,2789143,3068057.3
908000,2686262,2790409,3069449.9
909000,2687168,2791689,3070857.9
910000,2688074,2792955,3072250.5
911000,2688968,2794221,3073643.1
912000,2689874,2795488,3075036.8
913000,2690767,2796754,3076429.4
914000,2691660,2798020,3077822
915000,2692553,2799287,3079215.7
916000,2693446,2800540,3080594
917000,2694340,2801793,3081972.3
918000,2695233,2803059,3083364.9
919000,2696112,2804312,3084743.2
920000,2697006,2805565,3086121.5
921000,2697885,2806805,3087485.5
922000,2698765,2808058,3088863.8
923000,2699658,2809311,3090242.1
924000,2700538,2810551,3091606.1
925000,2701418,2811790,3092969
926000,2702298,2813043,3094347.3
927000,2703164,2814283,3095711.3
928000,2704044,2815523,3097075.3
929000,2704924,2816749,3098423.9
930000,2705790,2817989,3099787.9
931000,2706657,2819215,3101136.5
932000,2707536,2820455,3102500.5
933000,2708403,2821681,3103849.1
934000,2709269,2822907,3105197.7
935000,2710136,2824134,3106547.4
936000,2711002,2825360,3107896
937000,2711855,2826587,3109245.7
938000,2712722,2827800,3110580
939000,2713588,2829026,3111928.6
940000,2714441,2830239,3113262.9
941000,2715294,2831452,3114597.2
942000,2716161,2832665,3115931.5
943000,2717014,2833878,3117265.8
944000,2717867,2835091,3118600.1
945000,2718720,2836304,3119934.4
946000,2719560,2837504,3121254.4
947000,2720413,2838717,3122588.7
948000,2721266,2839917,3123908.7
949000,2722106,2841116,3125227.6
950000,2722959,2842316,3126547.6
951000,2723799,2843516,3127867.6
952000,2724639,2844715,3129186.5
953000,2725478,2845915,3130506.5
954000,2726318,2847101,3131811.1
955000,2727158,2848301,3133131.1
956000,2727998,2849487,3134435.7
957000,2728838,2850674,3135741.4
958000,2729677,2851860,3137046
959000,2730504,2853047,3138351.7
960000,2731344,2854233,3139656.3
961000,2732170,2855419,3140960.9
962000,2732997,2856592,3142251.2
963000,2733823,2857779,3143556.9
964000,2734650,2858952,3144847.2
965000,2735476,2860125,3146137.5
966000,2736302,2861298,3147427.8
967000,2737129,2862471,3148718.1
968000,2737955,2863644,3150008.4
969000,2738768,2864817,3151298.7
970000,2739595,2865977,3152574.7
971000,2740408,2867150,3153865
972000,2741221,2868309,3155139.9
973000,2742034,2869469,3156415.9
974000,2742847,2870629,3157691.9
975000,2743661,2871789,3158967.9
976000,2744474,2872948,3160242.8
977000,2745287,2874108,3161518.8
978000,2746100,2875254,3162779.4
979000,2746900,2876414,3164055.4
980000,2747713,2877560,3165316
981000,2748513,2878707,3166577.7
982000,2749326,2879853,3167838.3
983000,2750126,2881000,3169100
984000,2750925,2882146,3170360.6
985000,2751725,2883292,3171621.2
986000,2752525,2884439,3172882.9
987000,2753325,2885572,3174129.2
988000,2754125,2886705,3175375.5
989000,2754911,2887851,3176636.1
990000,2755711,2888984,3177882.4
991000,2756497,2890117,3179128.7
992000,2757297,2891250,3180375
993000,2758084,2892383,3181621.3
994000,2758870,2893503,3182853.3
995000,2759670,2894636,3184099.6
996000,2760456,2895756,3185331.6
997000,2761230,2896889,3186577.9
998000,2762016,2898009,3187809.9
999000,2762802,2899128,3189040.8
1000000,2763589,2900248,3190272.8
1001000,2764362,2901368,3191504.8
1002000,2765149,2902488,3192736.8
1003000,2765922,2903594,3193953.4
1004000,2766708,2904714,3195185.4
1005000,2767481,2905820,3196402
1006000,2768254,2906926,3197618.6
1007000,2769028,2908046,3198850.6
1008000,2769801,2909153,3200068.3
1009000,2770574,2910259,3201284.9
1010000,2771334,2911352,3202487.2
1011000,2772107,2912458,3203703.8
1012000,2772880,2913565,3204921.5
1013000,2773640,2914658,3206123.8
1014000,2774413,2915764,3207340.4
1015000,2775173,2916857,3208542.7
1016000,2775933,2917950,3209745
1017000,2776692,2919043,3210947.3
1018000,2777452,2920136,3212149.6
1019000,2778212,2921230,3213353
1020000,2778972,2922309,3214539.9
1021000,2779732,2923402,3215742.2
1022000,2780491,2924495,3216944.5
1023000,2781238,2925575,3218132.5
1024000,2781998,2926655,3219320.5
1025000,2782744,2927735,3220508.5
1026000,2783504,2928814,3221695.4
1027000,2784250,2929894,3222883.4
1028000,2784997,2930974,3224071.4
1029000,2785743,2932053,3225258.3
1030000,2786490,2933120,3226432
1031000,2787236,2934200,3227620
1032000,2787983,2935266,3228792.6
1033000,2788729,2936332,3229965.2
1034000,2789476,2937412,3231153.2
1035000,2790209,2938479,3232326.9
1036000,2790955,2939545,3233499.5
1037000,2791689,2940598,3234657.8
1038000,2792435,2941664,3235830.4
1039000,2793168,2942731,3237004.1
1040000,2793901,2943784,3238162.4
1041000,2794635,2944850,3239335
1042000,2795368,2945903,3240493.3
1043000,2796101,2946956,3241651.6
1044000,2796834,2948009,3242809.9
1045000,2797567,2949063,3243969.3
1046000,2798287,2950116,3245127.6
1047000,2799020,2951169,3246285.9
1048000,2799753,2952208,3247428.8
1049000,2800473,2953262,3248588.2
1050000,2801193,2954301,3249731.1
1051000,2801926,2955354,3250889.4
1052000,2802646,2956394,3252033.4
1053000,2803366,2957434,3253177.4
1054000,2804085,2958474,3254321.4
1055000,2804805,2959513,3255464.3
1056000,2805525,2960553,3256608.3
1057000,2806232,2961579,3257736.9
1058000,2806951,2962619,3258880.9
1059000,2807671,2963646,3260010.6
1060000,2808378,2964685,3261153.5
1061000,2809098,2965712,3262283.2
1062000,2809804,2966738,3263411.8
1063000,2810511,2967765,3264541.5
1064000,2811230,2968791,3265670.1
1065000,2811937,2969817,3266798.7
1066000,2812643,2970844,3267928.4
1067000,2813350,2971857,3269042.7
1068000,2814056,2972883,3270171.3
1069000,2814763,2973896,3271285.6
1070000,2815456,2974923,3272415.3
1071000,2816162,2975936,3273529.6
1072000,2816869,2976949,3274643.9
1073000,2817562,2977962,3275758.2
1074000,2818255,2978975,3276872.5
1075000,2818962,2979988,3277986.8
1076000,2819655,2980988,3279086.8
1077000,2820348,2982001,3280201.1
1078000,2821041,2983001,3281301.1
1079000,2821734,2984014,3282415.4
1080000,2822428,2985014,3283515.4
1081000,2823121,2986013,3284614.3
1082000,2823814,2987026,3285728.6
1083000,2824507,2988026,3286828.6
1084000,2825187,2989013,3287914.3
1085000,2825880,2990012,3289013.2
1086000,2826560,2991012,3290113.2
1087000,2827253,2992012,3291213.2
1088000,2827933,2992998,3292297.8
1089000,2828613,2993985,3293383.5
1090000,2829306,2994984,3294482.4
1091000,2829986,2995971,3295568.1
1092000,2830665,2996957,3296652.7
1093000,2831345,2997944,3297738.4
1094000,2832025,2998930,3298823
1095000,2832692,2999917,3299908.7
1096000,2833371,3000903,3300993.3
1097000,2834051,3001876,3302063.6
1098000,2834718,3002862,3303148.2
1099000,2835398,3003836,3304219.6
1100000,2836064,3004809,3305289.9
1101000,2836744,3005795,3306374.5
1102000,2837410,3006768,3307444.8
1103000,2838077,3007741,3308515.1
1104000,2838743,3008714,3309585.4
1105000,2839410,3009687,3310655.7
1106000,2840076,3010647,3311711.7
1107000,2840743,3011620,3312782
1108000,2841409,3012580,3313838
1109000,2842076,3013553,3314908.3
1110000,2842729,3014513,3315964.3
1111000,2843396,3015473,3317020.3
1112000,2844062,3016446,3318090.6
1113000,2844715,3017405,3319145.5
1114000,2845368,3018365,3320201.5
1115000,2846035,3019325,3321257.5
1116000,2846688,3020271,3322298.1
1117000,2847341,3021231,3323354.1
1118000,2847994,3022191,3324410.1
1119000,2848648,3023137,3325450.7
1120000,2849301,3024084,3326492.4
1121000,2849954,3025044,3327548.4
1122000,2850607,3025990,3328589
1123000,2851260,3026936,3329629.6
1124000,2851900,3027883,3330671.3
1125000,2852553,3028829,3331711.9
1126000,2853193,3029776,3332753.6
1127000,2853846,3030722,3333794.2
1128000,2854486,3031655,3334820.5
1129000,2855139,3032602,3335862.2
1130000,2855779,3033535,3336888.5
1131000,2856419,3034481,3337929.1
1132000,2857059,3035414,3338955.4
1133000,2857699,3036347,3339981.7
1134000,2858339,3037280,3341008
1135000,2858978,3038214,3342035.4
1136000,2859618,3039147,3343061.7
1137000,2860258,3040080,3344088
1138000,2860885,3041013,3345114.3
1139000,2861524,3041933,3346126.3
1140000,2862151,3042866,3347152.6
1141000,2862791,3043786,3348164.6
1142000,2863417,3044719,3349190.9
1143000,2864057,3045638,3350201.8
1144000,2864684,3046558,3351213.8
1145000,2865310,3047478,3352225.8
1146000,2865937,3048398,3353237.8
1147000,2866563,3049317,3354248.7
1148000,2867190,3050237,3355260.7
1149000,2867816,3051144,3356258.4
1150000,2868443,3052063,3357269.3
1151000,2869069,3052983,3358281.3
1152000,2869682,3053890,3359279
1153000,2870309,3054796,3360275.6
1154000,2870935,3055716,3361287.6
1155000,2871549,3056622,3362284.2
1156000,2872175,3057529,3363281.9
1157000,2872788,3058435,3364278.5
1158000,2873401,3059342,3365276.2
1159000,2874028,3060248,3366272.8
1160000,2874641,3061141,3367255.1
1161000,2875254,3062048,3368252.8
1162000,2875868,3062954,3369249.4
1163000,2876481,3063847,3370231.7
1164000,2877094,3064754,3371229.4
1165000,2877707,3065647,3372211.7
1166000,2878307,3066540,3373194
1167000,2878920,3067433,3374176.3
1168000,2879533,3068326,3375158.6
1169000,2880133,3069219,3376140.9
1170000,2880746,3070112,3377123.2
1171000,2881346,3071005,3378105.5
1172000,2881959,3071885,3379073.5
1173000,2882559,3072778,3380055.8
1174000,2883159,3073671,3381038.1
1175000,2883759,3074551,3382006.1
1176000,2884359,3075431,3382974.1
1177000,2884972,3076324,3383956.4
1178000,2885558,3077204,3384924.4
1179000,2886158,3078084,3385892.4
1180000,2886758,3078963,3386859.3
1181000,2887358,3079843,3387827.3
1182000,2887958,3080723,3388795.3
1183000,2888544,3081589,3389747.9
1184000,2889144,3082469,3390715.9
1185000,2889744,3083349,3391683.9
1186000,2890331,3084215,3392636.5
1187000,2890917,3085082,3393590.2
1188000,2891517,3085962,3394558.2
1189000,2892103,3086828,3395510.8
1190000,2892690,3087695,3396464.5
1191000,2893277,3088561,3397417.1
1192000,2893876,3089427,3398369.7
1193000,2894463,3090294,3399323.4
1194000,2895049,3091160,3400276
1195000,2895623,3092027,3401229.7
1196000,2896209,3092880,3402168
1197000,2896796,3093746,3403120.6
1198000,2897382,3094599,3404058.9
1199000,2897955,3095466,3405012.6
1200000,2898542,3096319,3405950.9
1201000,2899128,3097172,3406889.2
1202000,2899702,3098025,3407827.5
1203000,2900275,3098878,3408765.8
1204000,2900861,3099732,3409705.2
1205000,2901434,3100585,3410643.5
1206000,2902008,3101438,3411581.8
1207000,2902581,3102291,3412520.1
1208000,2903154,3103131,3413444.1
1209000,2903727,3103984,3414382.4
1210000,2904300,3104837,3415320.7
1211000,2904874,3105677,3416244.7
1212000,2905447,3106517,3417168.7
1213000,2906020,3107370,3418107
1214000,2906593,3108209,3419029.9
1215000,2907153,3109049,3419953.9
1216000,2907726,3109889,3420877.9
1217000,2908286,3110729,3421801.9
1218000,2908859,3111569,3422725.9
1219000,2909419,3112395,3423634.5
1220000,2909992,3113235,3424558.5
1221000,2910552,3114075,3425482.5
1222000,2911112,3114901,3426391.1
1223000,2911672,3115741,3427315.1
1224000,2912245,3116567,3428223.7
1225000,2912805,3117394,3429133.4
1226000,2913365,3118220,3430042
1227000,2913925,3119047,3430951.7
1228000,2914471,3119887,3431875.7
1229000,2915031,3120700,3432770
1230000,2915591,3121526,3433678.6
1231000,2916151,3122353,3434588.3
1232000,2916697,3123179,3435496.9
1233000,2917257,3124005,3436405.5
1234000,2917817,3124819,3437300.9
1235000,2918364,3125645,3438209.5
1236000,2918910,3126458,3439103.8
1237000,2919470,3127271,3439998.1
1238000,2920016,3128098,3440907.8
1239000,2920563,3128911,3441802.1
1240000,2921110,3129724,3442696.4
1241000,2921669,3130537,3443590.7
1242000,2922216,3131350,3444485
1243000,2922762,3132163,3445379.3
1244000,2923309,3132977,3446274.7
1245000,2923842,3133776,3447153.6
1246000,2924389,3134589,3448047.9
1247000,2924935,3135389,3448927.9
1248000,2925482,3136202,3449822.2
1249000,2926015,3137002,3450702.2
1250000,2926562,3137815,3451596.5
1251000,2927108,3138615,3452476.5
1252000,2927641,3139415,3453356.5
1253000,2928188,3140215,3454236.5
1254000,2928721,3141015,3455116.5
1255000,2929254,3141814,3455995.4
1256000,2929787,3142614,3456875.4
1257000,2930334,3143414,3457755.4
1258000,2930867,3144214,3458635.4
1259000,2931400,3145000,3459500
1260000,2931934,3145800,3460380
1261000,2932467,3146586,3461244.6
1262000,2933000,3147386,3462124.6
1263000,2933533,3148173,3462990.3
1264000,2934066,3148959,3463854.9
1265000,2934586,3149746,3464720.6
1266000,2935119,3150546,3465600.6
1267000,2935653,3151332,3466465.2
1268000,2936172,3152118,3467329.8
1269000,2936706,3152892,3468181.2
1270000,2937226,3153678,3469045.8
1271000,2937759,3154465,3469911.5
1272000,2938279,3155251,3470776.1
1273000,2938798,3156024,3471626.4
1274000,2939332,3156811,3472492.1
1275000,2939852,3157584,3473342.4
1276000,2940371,3158370,3474207
1277000,2940891,3159143,3475057.3
1278000,2941411,3159916,3475907.6
1279000,2941931,3160690,3476759
1280000,2942451,3161463,3477609.3
1281000,2942971,3162236,3478459.6
1282000,2943491,3163009,3479309.9
1283000,2944010,3163782,3480160.2
1284000,2944517,3164555,3481010.5
1285000,2945037,3165328,3481860.8
1286000,2945557,3166088,3482696.8
1287000,2946063,3166861,3483547.1
1288000,2946583,3167635,3484398.5
1289000,2947090,3168394,3485233.4
1290000,2947596,3169154,3486069.4
1291000,2948116,3169927,3486919.7
1292000,2948623,3170687,3487755.7
1293000,2949129,3171447,3488591.7
1294000,2949636,3172207,3489427.7
1295000,2950156,3172967,3490263.7
1296000,2950662,3173726,3491098.6
1297000,2951169,3174486,3491934.6
1298000,2951675,3175246,3492770.6
1299000,2952182,3175992,3493591.2
1300000,2952675,3176752,3494427.2
1301000,2953182,3177512,3495263.2
1302000,2953688,3178259,3496084.9
1303000,2954195,3179018,3496919.8
1304000,2954688,3179765,3497741.5
1305000,2955194,3180511,3498562.1
1306000,2955701,3181258,3499383.8
1307000,2956194,3182018,3500219.8
1308000,2956701,3182764,3501040.4
1309000,2957194,3183511,3501862.1
1310000,2957687,3184257,3502682.7
1311000,2958194,3185004,3503504.4
1312000,2958687,3185737,3504310.7
1313000,2959180,3186483,3505131.3
1314000,2959673,3187230,3505953
1315000,2960166,3187963,3506759.3
1316000,2960660,3188709,3507579.9
1317000,2961153,3189442,3508386.2
1318000,2961646,3190189,3509207.9
1319000,2962139,3190922,3510014.2
1320000,2962632,3191655,3510820.5
1321000,2963126,3192402,3511642.2
1322000,2963619,3193135,3512448.5
1323000,2964099,3193868,3513254.8
1324000,2964592,3194601,3514061.1
1325000,2965072,3195334,3514867.4
1326000,2965565,3196067,3515673.7
1327000,2966045,3196787,3516465.7
1328000,2966538,3197520,3517272
1329000,2967018,3198254,3518079.4
1330000,2967511,3198973,3518870.3
1331000,2967991,3199707,3519677.7
1332000,2968471,3200426,3520468.6
1333000,2968951,3201160,3521276
1334000,2969431,3201879,3522066.9
1335000,2969924,3202599,3522858.9
1336000,2970404,3203319,3523650.9
1337000,2970884,3204039,3524442.9
1338000,2971364,3204759,3525234.9
1339000,2971830,3205478,3526025.8
1340000,2972310,3206198,3526817.8
1341000,2972790,3206918,3527609.8
1342000,2973270,3207638,3528401.8
1343000,2973750,3208358,3529193.8
1344000,2974216,3209064,3529970.4
1345000,2974696,3209784,3530762.4
1346000,2975163,3210491,3531540.1
1347000,2975643,3211210,3532331
1348000,2976109,3211917,3533108.7
1349000,2976589,3212637,3533900.7
1350000,2977056,3213343,3534677.3
1351000,2977522,3214050,3535455
1352000,2978002,3214756,3536231.6
1353000,2978469,3215463,3537009.3
1354000,2978935,3216169,3537785.9
1355000,2979402,3216876,3538563.6
1356000,2979868,3217582,3539340.2
1357000,2980335,3218289,3540117.9
1358000,2980801,3218982,3540880.2
1359000,2981268,3219688,3541656.8
1360000,2981734,3220395,3542434.5
1361000,2982201,3221088,3543196.8
1362000,2982667,3221794,3543973.4
1363000,2983121,3222488,3544736.8
1364000,2983587,3223194,3545513.4
1365000,2984054,3223887,3546275.7
1366000,2984507,3224580,3547038
1367000,2984974,3225273,3547800.3
1368000,2985427,3225967,3548563.7
1369000,2985893,3226660,3549326
1370000,2986347,3227353,3550088.3
1371000,2986813,3228046,3550850.6
1372000,2987266,3228739,3551612.9
1373000,2987720,3229432,3552375.2
1374000,2988186,3230112,3553123.2
1375000,2988639,3230805,3553885.5
1376000,2989093,3231499,3554648.9
1377000,2989546,3232178,3555395.8
1378000,2989999,3232872,3556159.2
1379000,2990452,3233551,3556906.1
1380000,2990905,3234231,3557654.1
1381000,2991359,3234924,3558416.4
1382000,2991812,3235604,3559164.4
1383000,2992265,3236284,3559912.4
1384000,2992705,3236964,3560660.4
1385000,2993158,3237644,3561408.4
1386000,2993611,3238324,3562156.4
1387000,2994051,3239003,3562903.3
1388000,2994505,3239683,3563651.3
1389000,2994958,3240363,3564399.3
1390000,2995398,3241030,3565133
1391000,2995851,3241709,3565879.9
1392000,2996291,3242389,3566627.9
1393000,2996731,3243056,3567361.6
1394000,2997184,3243736,3568109.6
1395000,2997624,3244402,3568842.2
1396000,2998064,3245069,3569575.9
1397000,2998504,3245748,3570322.8
1398000,2998957,3246415,3571056.5
1399000,2999397,3247081,3571789.1
1400000,2999837,3247748,3572522.8
1401000,3000276,3248414,3573255.4
1402000,3000716,3249081,3573989.1
1403000,3001156,3249747,3574721.7
1404000,3001583,3250414,3575455.4
1405000,3002023,3251080,3576188
1406000,3002463,3251734,3576907.4
1407000,3002902,3252400,3577640
1408000,3003342,3253067,3578373.7
1409000,3003769,3253720,3579092
1410000,3004209,3254386,3579824.6
1411000,3004635,3255039,3580542.9
1412000,3005075,3255706,3581276.6
1413000,3005502,3256359,3581994.9
1414000,3005942,3257012,3582713.2
1415000,3006368,3257665,3583431.5
1416000,3006808,3258319,3584150.9
1417000,3007235,3258985,3584883.5
1418000,3007661,3259638,3585601.8
1419000,3008088,3260291,3586320.1
1420000,3008528,3260931,3587024.1
1421000,3008954,3261584,3587742.4
1422000,3009381,3262238,3588461.8
1423000,3009807,3262891,3589180.1
1424000,3010234,3263544,3589898.4
1425000,3010660,3264184,3590602.4
1426000,3011087,3264837,3591320.7
1427000,3011514,3265477,3592024.7
1428000,3011940,3266130,3592743
1429000,3012353,3266770,3593447
1430000,3012780,3267410,3594151
1431000,3013207,3268063,3594869.3
1432000,3013633,3268703,3595573.3
1433000,3014046,3269342,3596276.2
1434000,3014473,3269982,3596980.2
1435000,3014886,3270622,3597684.2
1436000,3015313,3271262,3598388.2
1437000,3015726,3271902,3599092.2
1438000,3016152,3272542,3599796.2
1439000,3016566,3273182,3600500.2
1440000,3016992,3273808,3601188.8
1441000,3017405,3274448,3601892.8
1442000,3017819,3275088,3602596.8
1443000,3018232,3275714,3603285.4
1444000,3018658,3276354,3603989.4
1445000,3019072,3276981,3604679.1
1446000,3019485,3277620,3605382
1447000,3019898,3278247,3606071.7
1448000,3020311,3278873,3606760.3
1449000,3020725,3279513,3607464.3
1450000,3021138,3280140,3608154
1451000,3021551,3280766,3608842.6
1452000,3021964,3281393,3609532.3
1453000,3022364,3282019,3610220.9
1454000,3022777,3282646,3610910.6
1455000,3023191,3283272,3611599.2
1456000,3023604,3283899,3612288.9
1457000,3024004,3284512,3612963.2
1458000,3024417,3285139,3613652.9
1459000,3024830,3285765,3614341.5
1460000,3025230,3286392,3615031.2
1461000,3025643,3287005,3615705.5
1462000,3026043,3287631,3616394.1
1463000,3026443,3288244,3617068.4
1464000,3026856,3288858,3617743.8
1465000,3027256,3289484,3618432.4
1466000,3027656,3290097,3619106.7
1467000,3028069,3290710,3619781
1468000,3028469,3291337,3620470.7
1469000,3028869,3291950,3621145
1470000,3029269,3292563,3621819.3
1471000,3029669,3293177,3622494.7
1472000,3030069,3293790,3623169
1473000,3030469,3294403,3623843.3
1474000,3030869,3295003,3624503.3
1475000,3031269,3295616,3625177.6
1476000,3031669,3296229,3625851.9
1477000,3032068,3296842,3626526.2
1478000,3032468,3297442,3627186.2
1479000,3032868,3298055,3627860.5
1480000,3033268,3298655,3628520.5
1481000,3033655,3299268,3629194.8
1482000,3034055,3299868,3629854.8
1483000,3034455,3300481,3630529.1
1484000,3034841,3301081,3631189.1
1485000,3035241,3301681,3631849.1
1486000,3035628,3302294,3632523.4
1487000,3036027,3302894,3633183.4
1488000,3036414,3303494,3633843.4
1489000,3036814,3304094,3634503.4
1490000,3037201,3304694,3635163.4
1491000,3037587,3305293,3635822.3
1492000,3037987,3305893,3636482.3
1493000,3038374,3306493,3637142.3
1494000,3038760,3307080,3637788
1495000,3039147,3307680,3638448
1496000,3039533,3308279,3639106.9
1497000,3039920,3308866,3639752.6
1498000,3040306,3309466,3640412.6
1499000,3040706,3310052,3641057.2
1500000,3041080,3310652,3641717.2
1501000,3041466,3311239,3642362.9
1502000,3041853,3311839,3643022.9
1503000,3042239,3312425,3643667.5
1504000,3042626,3313012,3644313.2
1505000,3043012,3313598,3644957.8
1506000,3043399,3314198,3645617.8
1507000,3043772,3314784,3646262.4
1508000,3044159,3315371,3646908.1
1509000,3044545,3315957,3647552.7
1510000,3044919,3316544,3648198.4
1511000,3045305,3317131,3648844.1
1512000,3045678,3317717,3649488.7
1513000,3046065,3318290,3650119
1514000,3046438,3318877,3650764.7
1515000,3046825,3319463,3651409.3
1516000,3047198,3320036,3652039.6
1517000,3047585,3320623,3652685.3
1518000,3047958,3321209,3653329.9
1519000,3048331,3321783,3653961.3
1520000,3048718,3322356,3654591.6
1521000,3049091,3322942,3655236.2
1522000,3049464,3323516,3655867.6
1523000,3049837,3324089,3656497.9
1524000,3050211,3324675,3657142.5
1525000,3050584,3325248,3657772.8
1526000,3050957,3325822,3658404.2
1527000,3051330,3326395,3659034.5
1528000,3051704,3326968,3659664.8
1529000,3052077,3327541,3660295.1
1530000,3052450,3328114,3660925.4
1531000,3052823,3328688,3661556.8
1532000,3053197,3329261,3662187.1
1533000,3053570,3329834,3662817.4
1534000,3053930,3330394,3663433.4
1535000,3054303,3330967,3664063.7
1536000,3054676,3331540,3664694
1537000,3055036,3332100,3665310
1538000,3055409,3332673,3665940.3
1539000,3055769,3333233,3666556.3
1540000,3056142,3333806,3667186.6
1541000,3056516,3334366,3667802.6
1542000,3056876,3334926,3668418.6
1543000,3057236,3335499,3669048.9
1544000,3057609,3336059,3669664.9
1545000,3057969,3336619,3670280.9
1546000,3058342,3337179,3670896.9
1547000,3058702,3337739,3671512.9
1548000,3059062,3338312,3672143.2
1549000,3059422,3338872,3672759.2
1550000,3059782,3339418,3673359.8
1551000,3060155,3339978,3673975.8
1552000,3060515,3340538,3674591.8
1553000,3060875,3341098,3675207.8
1554000,3061235,3341658,3675823.8
1555000,3061594,3342218,3676439.8
1556000,3061954,3342764,3677040.4
1557000,3062314,3343324,3677656.4
1558000,3062674,3343870,3678257
1559000,3063034,3344430,3678873
1560000,3063381,3344977,3679474.7
1561000,3063741,3345537,3680090.7
1562000,3064100,3346083,3680691.3
1563000,3064460,3346630,3681293
1564000,3064820,3347190,3681909
1565000,3065167,3347736,3682509.6
1566000,3065527,3348283,3683111.3
1567000,3065873,3348829,3683711.9
1568000,3066233,3349376,3684313.6
1569000,3066593,3349922,3684914.2
1570000,3066940,3350469,3685515.9
1571000,3067300,3351015,3686116.5
1572000,3067646,3351562,3686718.2
1573000,3067993,3352108,3687318.8
1574000,3068353,3352655,3687920.5
1575000,3068699,3353201,3688521.1
1576000,3069046,3353735,3689108.5
1577000,3069406,3354281,3689709.1
1578000,3069752,3354828,3690310.8
1579000,3070099,3355361,3690897.1
1580000,3070446,3355907,3691497.7
1581000,3070792,3356441,3692085.1
1582000,3071152,3356987,3692685.7
1583000,3071499,3357520,3693272
1584000,3071845,3358054,3693859.4
1585000,3072192,3358600,3694460
1586000,3072538,3359133,3695046.3
1587000,3072885,3359667,3695633.7
1588000,3073232,3360200,3696220
1589000,3073565,3360733,3696806.3
1590000,3073911,3361266,3697392.6
1591000,3074258,3361799,3697978.9
1592000,3074604,3362333,3698566.3
1593000,3074951,3362866,3699152.6
1594000,3075284,3363399,3699738.9
1595000,3075631,3363932,3700325.2
1596000,3075977,3364465,3700911.5
1597000,3076311,3364999,3701498.9
1598000,3076657,3365518,3702069.8
1599000,3077004,3366052,3702657.2
1600000,3077337,3366585,3703243.5
1601000,3077684,3367105,3703815.5
1602000,3078017,3367638,3704401.8
1603000,3078350,3368158,3704973.8
1604000,3078697,3368691,3705560.1
1605000,3079030,3369211,3706132.1
1606000,3079377,3369731,3706704.1
1607000,3079710,3370264,3707290.4
1608000,3080043,3370784,3707862.4
1609000,3080376,3371304,3708434.4
1610000,3080723,3371824,3709006.4
1611000,3081056,3372343,3709577.3
1612000,3081389,3372863,3710149.3
1613000,3081723,3373383,3710721.3
1614000,3082056,3373903,3711293.3
1615000,3082389,3374423,3711865.3
1616000,3082722,3374943,3712437.3
1617000,3083056,3375463,3713009.3
1618000,3083389,3375982,3713580.2
1619000,3083722,3376502,3714152.2
1620000,3084055,3377009,3714709.9
1621000,3084389,3377529,3715281.9
1622000,3084722,3378049,3715853.9
1623000,3085042,3378555,3716410.5
1624000,3085375,3379075,3716982.5
1625000,3085708,3379582,3717540.2
1626000,3086042,3380101,3718111.1
1627000,3086362,3380608,3718668.8
1628000,3086695,3381128,3719240.8
1629000,3087028,3381634,3719797.4
1630000,3087348,3382141,3720355.1
1631000,3087681,3382647,3720911.7
1632000,3088001,3383167,3721483.7
1633000,3088334,3383674,3722041.4
1634000,3088654,3384180,3722598
1635000,3088988,3384687,3723155.7
1636000,3089307,3385193,3723712.3
1637000,3089641,3385700,3724270
1638000,3089961,3386207,3724827.7
1639000,3090281,3386713,3725384.3
1640000,3090614,3387220,3725942
1641000,3090934,3387713,3726484.3
1642000,3091254,3388219,3727040.9
1643000,3091574,3388726,3727598.6
1644000,3091894,3389219,3728140.9
1645000,3092227,3389726,3728698.6
1646000,3092547,3390232,3729255.2
1647000,3092867,3390725,3729797.5
1648000,3093187,3391232,3730355.2
1649000,3093506,3391725,3730897.5
1650000,3093826,3392232,3731455.2
1651000,3094146,3392725,3731997.5
1652000,3094466,3393218,3732539.8
1653000,3094786,3393725,3733097.5
1654000,3095093,3394218,3733639.8
1655000,3095413,3394711,3734182.1
1656000,3095733,3395204,3734724.4
1657000,3096052,3395698,3735267.8
1658000,3096372,3396204,3735824.4
1659000,3096679,3396697,3736366.7
1660000,3096999,3397190,3736909
1661000,3097319,3397684,3737452.4
1662000,3097625,3398164,3737980.4
1663000,3097945,3398657,3738522.7
1664000,3098265,3399150,3739065
1665000,3098572,3399643,3739607.3
1666000,3098892,3400136,3740149.6
1667000,3099198,3400616,3740677.6
1668000,3099518,3401110,3741221
1669000,3099825,3401603,3741763.3
1670000,3100131,3402083,3742291.3
1671000,3100451,3402576,3742833.6
1672000,3100758,3403056,3743361.6
1673000,3101078,3403549,3743903.9
1674000,3101384,3404029,3744431.9
1675000,3101691,3404522,3744974.2
1676000,3101998,3405002,3745502.2
1677000,3102318,3405482,3746030.2
1678000,3102624,3405975,3746572.5
1679000,3102931,3406455,3747100.5
1680000,3103237,3406935,3747628.5
1681000,3103544,3407415,3748156.5
1682000,3103851,3407894,3748683.4
1683000,3104157,3408374,3749211.4
1684000,3104464,3408854,3749739.4
1685000,3104770,3409334,3750267.4
1686000,3105077,3409814,3750795.4
1687000,3105383,3410294,3751323.4
1688000,3105690,3410774,3751851.4
1689000,3105997,3411254,3752379.4
1690000,3106303,3411734,3752907.4
1691000,3106596,3412200,3753420
1692000,3106903,3412680,3753948
1693000,3107210,3413160,3754476
1694000,3107516,3413626,3754988.6
1695000,3107810,3414106,3755516.6
1696000,3108116,3414586,3756044.6
1697000,3108423,3415053,3756558.3
1698000,3108716,3415533,3757086.3
1699000,3109023,3415999,3757598.9
1700000,3109329,3416466,3758112.6
1701000,3109622,3416946,3758640.6
1702000,3109929,3417412,3759153.2
1703000,3110222,3417879,3759666.9
1704000,3110529,3418359,3760194.9
1705000,3110822,3418825,3760707.5
1706000,3111115,3419292,3761221.2
1707000,3111422,3419758,3761733.8
1708000,3111715,3420225,3762247.5
1709000,3112022,3420691,3762760.1
1710000,3112315,3421158,3763273.8
1711000,3112608,3421624,3763786.4
1712000,3112902,3422091,3764300.1
1713000,3113208,3422557,3764812.7
1714000,3113501,3423024,3765326.4
1715000,3113795,3423477,3765824.7
1716000,3114088,3423944,3766338.4
1717000,3114381,3424410,3766851
1718000,3114674,3424877,3767364.7
1719000,3114968,3425330,3767863
1720000,3115261,3425797,3768376.7
1721000,3115554,3426263,3768889.3
1722000,3115848,3426716,3769387.6
1723000,3116141,3427183,3769901.3
1724000,3116434,3427636,3770399.6
1725000,3116727,3428089,3770897.9
1726000,3117021,3428556,3771411.6
1727000,3117314,3429009,3771909.9
1728000,3117607,3429462,3772408.2
1729000,3117887,3429929,3772921.9
1730000,3118180,3430382,3773420.2
1731000,3118474,3430835,3773918.5
1732000,3118767,3431289,3774417.9
1733000,3119047,3431742,3774916.2
1734000,3119340,3432208,3775428.8
1735000,3119633,3432662,3775928.2
1736000,3119913,3433115,3776426.5
1737000,3120206,3433568,3776924.8
1738000,3120486,3434008,3777408.8
1739000,3120780,3434461,3777907.1
1740000,3121060,3434914,3778405.4
1741000,3121353,3435368,3778904.8
1742000,3121633,3435821,3779403.1
1743000,3121926,3436274,3779901.4
1744000,3122206,3436714,3780385.4
1745000,3122499,3437167,3780883.7
1746000,3122779,3437620,3781382
1747000,3123059,3438060,3781866
1748000,3123352,3438513,3782364.3
1749000,3123632,3438953,3782848.3
1750000,3123912,3439407,3783347.7
1751000,3124192,3439846,3783830.6
1752000,3124472,3440300,3784330
1753000,3124765,3440740,3784814
1754000,3125045,3441179,3785296.9
1755000,3125325,3441633,3785796.3
1756000,3125605,3442073,3786280.3
1757000,3125885,3442512,3786763.2
1758000,3126165,3442952,3787247.2
1759000,3126445,3443392,3787731.2
1760000,3126725,3443845,3788229.5
1761000,3127005,3444285,3788713.5
1762000,3127285,3444725,3789197.5
1763000,3127565,3445165,3789681.5
1764000,3127845,3445605,3790165.5
1765000,3128124,3446045,3790649.5
1766000,3128404,3446485,3791133.5
1767000,3128671,3446911,3791602.1
1768000,3128951,3447351,3792086.1
1769000,3129231,3447791,3792570.1
1770000,3129511,3448231,3793054.1
1771000,3129791,3448671,3793538.1
1772000,3130057,3449098,3794007.8
1773000,3130337,3449537,3794490.7
1774000,3130617,3449977,3794974.7
1775000,3130884,3450404,3795444.4
1776000,3131164,3450844,3795928.4
1777000,3131430,3451270,3796397
1778000,3131710,3451710,3796881
1779000,3131977,3452137,3797350.7
1780000,3132257,3452577,3797834.7
1781000,3132523,3453003,3798303.3
1782000,3132803,3453430,3798773
1783000,3133070,3453870,3799257
1784000,3133350,3454296,3799725.6
1785000,3133616,3454723,3800195.3
1786000,3133883,3455149,3800663.9
1787000,3134163,3455576,3801133.6
1788000,3134430,3456016,3801617.6
1789000,3134696,3456442,3802086.2
1790000,3134976,3456869,3802555.9
1791000,3135243,3457295,3803024.5
1792000,3135509,3457722,3803494.2
1793000,3135776,3458149,3803963.9
1794000,3136056,3458575,3804432.5
1795000,3136322,3458988,3804886.8
1796000,3136589,3459415,3805356.5
1797000,3136856,3459841,3805825.1
1798000,3137122,3460268,3806294.8
1799000,3137389,3460695,3806764.5
1800000,3137655,3461108,3807218.8
1801000,3137922,3461534,3807687.4
1802000,3138189,3461961,3808157.1
1803000,3138455,3462374,3808611.4
1804000,3138722,3462801,3809081.1
1805000,3138988,3463214,3809535.4
1806000,3139255,3463641,3810005.1
1807000,3139522,3464054,3810459.4
1808000,3139775,3464480,3810928
1809000,3140041,3464894,3811383.4
1810000,3140308,3465320,3811852
1811000,3140575,3465733,3812306.3
1812000,3140841,3466147,3812761.7
1813000,3141095,3466560,3813216
1814000,3141361,3466986,3813684.6
1815000,3141628,3467400,3814140
1816000,3141881,3467813,3814594.3
1817000,3142148,3468226,3815048.6
1818000,3142414,3468639,3815502.9
1819000,3142667,3469053,3815958.3
1820000,3142934,3469466,3816412.6
1821000,3143187,3469879,3816866.9
1822000,3143454,3470292,3817321.2
1823000,3143707,3470705,3817775.5
1824000,3143974,3471119,3818230.9
1825000,3144227,3471532,3818685.2
1826000,3144494,3471945,3819139.5
1827000,3144747,3472358,3819593.8
1828000,3145000,3472758,3820033.8
1829000,3145267,3473171,3820488.1
1830000,3145520,3473585,3820943.5
1831000,3145773,3473998,3821397.8
1832000,3146040,3474398,3821837.8
1833000,3146293,3474811,3822292.1
1834000,3146547,3475211,3822732.1
1835000,3146800,3475624,3823186.4
1836000,3147066,3476024,3823626.4
1837000,3147320,3476437,3824080.7
1838000,3147573,3476837,3824520.7
1839000,3147826,3477250,3824975
1840000,3148079,3477650,3825415
1841000,3148333,3478050,3825855
1842000,3148586,3478464,3826310.4
1843000,3148839,3478863,3826749.3
1844000,3149093,3479263,3827189.3
1845000,3149346,3479663,3827629.3
1846000,3149599,3480076,3828083.6
1847000,3149852,3480476,3828523.6
1848000,3150106,3480876,3828963.6
1849000,3150359,3481276,3829403.6
1850000,3150612,3481676,3829843.6
1851000,3150865,3482076,3830283.6
1852000,3151119,3482476,3830723.6
1853000,3151372,3482876,3831163.6
1854000,3151625,3483276,3831603.6
1855000,3151865,3483676,3832043.6
1856000,3152118,3484075,3832482.5
1857000,3152372,3484475,3832922.5
1858000,3152625,3484862,3833348.2
1859000,3152865,3485262,3833788.2
1860000,3153118,3485662,3834228.2
1861000,3153371,3486062,3834668.2
1862000,3153611,3486448,3835092.8
1863000,3153865,3486848,3835532.8
1864000,3154105,3487235,3835958.5
1865000,3154358,3487635,3836398.5
1866000,3154598,3488034,3836837.4
1867000,3154851,3488421,3837263.1
1868000,3155104,3488821,3837703.1
1869000,3155344,3489207,3838127.7
1870000,3155584,3489594,3838553.4
1871000,3155838,3489994,3838993.4
1872000,3156077,3490381,3839419.1
1873000,3156331,3490767,3839843.7
1874000,3156571,3491167,3840283.7
1875000,3156811,3491554,3840709.4
1876000,3157064,3491940,3841134
1877000,3157304,3492327,3841559.7
1878000,3157544,3492727,3841999.7
1879000,3157797,3493113,3842424.3
1880000,3158037,3493500,3842850
1881000,3158277,3493886,3843274.6
1882000,3158517,3494273,3843700.3
1883000,3158770,3494659,3844124.9
1884000,3159010,3495046,3844550.6
1885000,3159250,3495433,3844976.3
1886000,3159490,3495819,3845400.9
1887000,3159730,3496206,3845826.6
1888000,3159970,3496592,3846251.2
1889000,3160210,3496966,3846662.6
1890000,3160450,3497352,3847087.2
1891000,3160690,3497739,3847512.9
1892000,3160930,3498125,3847937.5
1893000,3161170,3498498,3848347.8
1894000,3161409,3498885,3848773.5
1895000,3161649,3499272,3849199.2
1896000,3161889,3499645,3849609.5
1897000,3162129,3500031,3850034.1
1898000,3162369,3500418,3850459.8
1899000,3162609,3500791,3850870.1
1900000,3162849,3501178,3851295.8
1901000,3163076,3501551,3851706.1
1902000,3163316,3501924,3852116.4
1903000,3163556,3502311,3852542.1
1904000,3163796,3502684,3852952.4
1905000,3164022,3503071,3853378.1
1906000,3164262,3503444,3853788.4
1907000,3164502,3503817,3854198.7
1908000,3164742,3504190,3854609
1909000,3164969,3504577,3855034.7
1910000,3165209,3504950,3855445
1911000,3165435,3505323,3855855.3
1912000,3165675,3505697,3856266.7
1913000,3165915,3506070,3856677
1914000,3166142,3506443,3857087.3
1915000,3166382,3506816,3857497.6
1916000,3166608,3507190,3857909
1917000,3166848,3507563,3858319.3
1918000,3167075,3507936,3858729.6
1919000,3167315,3508309,3859139.9
1920000,3167541,3508683,3859551.3
1921000,3167768,3509056,3859961.6
1922000,3168008,3509429,3860371.9
1923000,3168234,3509802,3860782.2
1924000,3168474,3510162,3861178.2
1925000,3168701,3510535,3861588.5
1926000,3168928,3510909,3861999.9
1927000,3169168,3511282,3862410.2
1928000,3169394,3511642,3862806.2
1929000,3169621,3512015,3863216.5
1930000,3169847,3512388,3863626.8
1931000,3170087,3512748,3864022.8
1932000,3170314,3513122,3864434.2
1933000,3170541,3513481,3864829.1
1934000,3170767,3513855,3865240.5
1935000,3170994,3514215,3865636.5
1936000,3171220,3514588,3866046.8
1937000,3171447,3514948,3866442.8
1938000,3171687,3515308,3866838.8
1939000,3171913,3515681,3867249.1
1940000,3172140,3516041,3867645.1
1941000,3172367,3516401,3868041.1
1942000,3172593,3516774,3868451.4
1943000,3172820,3517134,3868847.4
1944000,3173047,3517494,3869243.4
1945000,3173273,3517854,3869639.4
1946000,3173500,3518214,3870035.4
1947000,3173713,3518587,3870445.7
1948000,3173940,3518947,3870841.7
1949000,3174166,3519307,3871237.7
1950000,3174393,3519667,3871633.7
1951000,3174619,3520026,3872028.6
1952000,3174846,3520386,3872424.6
1953000,3175073,3520746,3872820.6
1954000,3175286,3521106,3873216.6
1955000,3175513,3521466,3873612.6
1956000,3175739,3521813,3873994.3
1957000,3175966,3522173,3874390.3
1958000,3176179,3522532,3874785.2
1959000,3176406,3522892,3875181.2
1960000,3176632,3523252,3875577.2
1961000,3176846,3523599,3875958.9
1962000,3177072,3523959,3876354.9
1963000,3177285,3524319,3876750.9
1964000,3177512,3524665,3877131.5
1965000,3177739,3525025,3877527.5
1966000,3177952,3525385,3877923.5
1967000,3178179,3525732,3878305.2
1968000,3178392,3526092,3878701.2
1969000,3178618,3526438,3879081.8
1970000,3178832,3526798,3879477.8
1971000,3179058,3527145,3879859.5
1972000,3179272,3527505,3880255.5
1973000,3179498,3527851,3880636.1
1974000,3179712,3528198,3881017.8
1975000,3179925,3528558,3881413.8
1976000,3180151,3528904,3881794.4
1977000,3180365,3529251,3882176.1
1978000,3180578,3529611,3882572.1
1979000,3180805,3529957,3882952.7
1980000,3181018,3530304,3883334.4
1981000,3181231,3530650,3883715
1982000,3181458,3530997,3884096.7
1983000,3181671,3531344,3884478.4
1984000,3181884,3531704,3884874.4
1985000,3182098,3532050,3885255
1986000,3182311,3532397,3885636.7
1987000,3182538,3532743,3886017.3
1988000,3182751,3533090,3886399
1989000,3182964,3533436,3886779.6
1990000,3183177,3533783,3887161.3
1991000,3183391,3534130,3887543
1992000,3183604,3534463,3887909.3
1993000,3183817,3534809,3888289.9
1994000,3184030,3535156,3888671.6
1995000,3184244,3535503,3889053.3
1996000,3184457,3535849,3889433.9
1997000,3184670,3536182,3889800.2
1998000,3184884,3536529,3890181.9
1999000,3185097,3536876,3890563.6
2000000,3185310,3537222,3890944.2
